DROP TABLE IF EXISTS student;
DROP TABLE IF EXISTS class;
DROP TABLE IF EXISTS professor;
DROP TABLE IF EXISTS rating;
DROP TABLE IF EXISTS num_assignments;
DROP TABLE IF EXISTS likes;
DROP TABLE IF EXISTS classCode;
DROP TABLE IF EXISTS ranks;
DROP TABLE IF EXISTS ranksAbout;
DROP TABLE IF EXISTS comments;
DROP TABLE IF EXISTS login;
DROP TABLE IF EXISTS studentComment;
DROP TABLE IF EXISTS classComment;
DROP TABLE IF EXISTS classYear;
DROP TABLE IF EXISTS classSemester;
DROP TABLE IF EXISTS rankAbout;



CREATE TABLE student (
    studentID varchar(255),
    firstName varchar(255),
    lastName varchar(255),
    year int,
    PRIMARY KEY (studentID)
);

CREATE TABLE class (
    classID int,
    classCode varchar(255),
    semester varchar(255),
    year int,
    professorID varchar(255),
    PRIMARY KEY (classID)
);

CREATE TABLE professor (
    professorID varchar(255), 
    firstName varchar(255), 
    lastName varchar(255), 
    instructor_rating int,
    PRIMARY KEY (professorID)
);

CREATE TABLE rating (
    rankID int NOT NULL AUTO_INCREMENT, 
    overall_rating int, 
    hours_assignment_per_week int, 
    hours_studying_per_week int, 
    num_assignments int,
    PRIMARY KEY (rankID)
);

CREATE TABLE likes (
    studentID varchar(255),
    classID varchar(255), 
    PRIMARY KEY (studentID, classID)
    #FOREIGN KEY (studentID) REFERENCES student(studentID),
    #FOREIGN KEY (classID) REFERENCES class(classID)
);
    
CREATE TABLE classCode (
    classID int,
    classCode varchar(255),
    PRIMARY KEY (classID)
    # FOREIGN KEY (classID) REFERENCES class(classID)
);

CREATE TABLE ranks (
    rankID int,
    studentID varchar(255),
    PRIMARY KEY (rankID)
    #FOREIGN KEY (studentID) REFERENCES student(studentID),
    #FOREIGN KEY (rankID) REFERENCES rating(rankID)
);

CREATE TABLE rankAbout ( 
    rankID int, 
    classID int,
    PRIMARY KEY (rankID)
    # FOREIGN KEY (rankID) REFERENCES rating(rankID),
    # FOREIGN KEY (classID) REFERENCES class(classID)
);

CREATE TABLE comments (
    commentID int NOT NULL AUTO_INCREMENT, 
    studentID varchar(255), 
    date_posted date, 
    content varchar(255),
    PRIMARY KEY (commentID)
    # FOREIGN KEY (studentID) REFERENCES student(studentID)    
);

CREATE TABLE login (
    username varchar(255), 
    userPassword varchar(255), 
    studentID varchar(255),
    PRIMARY KEY(username, userPassword)
    # FOREIGN KEY (studentID) REFERENCES student(studentID)    
);

CREATE TABLE studentComment (
    commentID int, 
    studentID varchar(255),
    PRIMARY KEY (commentID)
    # FOREIGN KEY(commentID) REFERENCES comment(commentID),
    # FOREIGN KEY (studentID) REFERENCES student(studentID) 
);

CREATE TABLE classComment (
    commentID int, 
    classID int,
    PRIMARY KEY (commentID)
    # FOREIGN KEY(commentID) REFERENCES comment(commentID),
    # FOREIGN KEY(classID) REFERENCES class(classID)
);

CREATE TABLE classYear (
    classID int, 
    year int,
    PRIMARY KEY (classID)
    # FOREIGN KEY (classID) REFERENCES class(classID)
);

CREATE TABLE classSemester (
    classID int, 
    semester varchar(255),
    PRIMARY KEY (classID)
    # FOREIGN KEY (classID) REFERENCES class(classID)
);

INSERT INTO professor (professorID, firstName, lastName) 
VALUES ( 10001, 'Ahmet', 'Cosar'),
( 10002, 'Matthew', 'Wheelock'),
( 10003, 'Andrea', 'Trimble'),
( 10004, 'Sen', 'Zhang'),
( 10005, 'Marcy', 'Linton'),
( 10006, 'Matthew', 'Jull'),
( 10007, 'Esperanza', 'Jarque'),
( 10008, 'Deanna', 'Isley'),
( 10009, 'Barry', 'Condron'),
( 10010, 'Shilpa', 'Dave'),
( 10011, 'Matthew', 'Dwyer'),
( 10012, 'Brian', 'Teare'),
( 10013, 'Jessica', 'Malpass'),
( 10014, 'Herbert', 'Tucker'),
( 10015, 'Michael', 'Albert'),
( 10016, 'Guofen', 'Yan'),
( 10017, 'Samuel', 'Stafford'),
( 10018, 'Janet', 'Chow'),
( 10019, 'Bethany', 'Mickel'),
( 10020, 'Xiwei', 'Tang'),
( 10021, 'Anastatia', 'Curley'),
( 10022, 'Brian', 'Nosek'),
( 10023, 'Sandra', 'Mitchell'),
( 10024, 'Erin', 'Jordan'),
( 10025, 'Eric', 'Field'),
( 10026, 'Philippe', 'Roger'),
( 10027, 'Todd', 'Delong'),
( 10028, 'Diana', 'Duran'),
( 10029, 'Colin', 'Bird'),
( 10030, 'Ann', 'Tuzson'),
( 10031, 'Janet', 'Spittler'),
( 10032, 'Elliot', 'Majerczyk'),
( 10033, 'Salman', 'Sadiq'),
( 10034, 'Schaeffer', 'Somers'),
( 10035, 'Lee', 'Lockwood'),
( 10036, 'James', 'OKeeffe'),
( 10037, 'Jeffrey', 'Holt'),
( 10038, 'Spyridon', 'Simotas'),
( 10039, 'Andrej', 'Petrovic'),
( 10040, 'Yesul', 'Han'),
( 10041, 'Adam', 'Koch'),
( 10042, 'Paul', 'Jones'),
( 10043, 'Jaime', 'Sanz'),
( 10044, 'Stacie', 'Pisano'),
( 10045, 'Abbie', 'Oliver'),
( 10046, 'Kelly', 'Sulick'),
( 10047, 'Frackson', 'Mumba'),
( 10048, 'Jack', 'Davidson'),
( 10049, 'Gerard', 'White'),
( 10050, 'Frederick', 'Epstein'),
( 10051, 'Arsalan', 'Heydarian'),
( 10052, 'John', 'Mayhood'),
( 10053, 'Clayton', 'Strange'),
( 10054, 'Raisa', 'Tolchinsky'),
( 10055, 'Richard', 'Wilson'),
( 10056, 'Michael', 'Gallmeyer'),
( 10057, 'Eric', 'Tassone'),
( 10058, 'Yao', 'Yang'),
( 10059, 'Jie', 'Liu'),
( 10060, 'William', 'Epling'),
( 10061, 'Lauren', 'Simkins'),
( 10062, 'Jeongok', 'Logan'),
( 10063, 'Jason', 'Clark'),
( 10064, 'Jessie', 'Gibson'),
( 10065, 'Gretchen', 'Martinet'),
( 10066, 'Anne', 'Coughlin'),
( 10067, 'Daniel', 'Radthorne'),
( 10068, 'Ian', 'Klein'),
( 10069, 'Seanna', 'Leath'),
( 10070, 'David', 'Waldner'),
( 10071, 'Nizar', 'Hermes'),
( 10072, 'Brie', 'Gertler'),
( 10073, 'Kate', 'Kostelnik'),
( 10074, 'Kevin', 'Gaines'),
( 10075, 'Thomas', 'Gunnoe'),
( 10076, 'Rebecca', 'Stangl'),
( 10077, 'John', 'III'),
( 10078, 'Emily', 'Evans'),
( 10079, 'Beverly', 'Sweeney'),
( 10080, 'Robert', 'Henry'),
( 10081, 'Matthew', 'Reidenbach'),
( 10082, 'Robert', 'Powers'),
( 10083, 'Anthony', 'Swisher'),
( 10084, 'Raymond', 'Keller'),
( 10085, 'Alison', 'Booth'),
( 10086, 'Deepyaman', 'Maiti'),
( 10087, 'Marty', 'Yudkovitz'),
( 10088, 'Timothy', 'Victorio'),
( 10089, 'Gretchen', 'Wiersma'),
( 10090, 'Adam', 'Slez'),
( 10091, 'Inki', 'Kim'),
( 10092, 'Michael', 'Skrutskie'),
( 10093, 'Anastasia', 'Dakouri-Hild'),
( 10094, 'Mallory', 'Neil'),
( 10095, 'Sarah', 'Kucenas'),
( 10096, 'Charlotte', 'Hoopes'),
( 10097, 'Natalie', 'Aviles'),
( 10098, 'Polina', 'Mischenko'),
( 10099, 'Bryan', 'Wright'),
( 10100, 'Leslie', 'Jr.'),
( 10101, 'Oludamini', 'Ogunnaike'),
( 10102, 'Latisha', 'Hayes'),
( 10103, 'Stephen', 'Abbott'),
( 10104, 'Anna', 'Clay'),
( 10105, 'John', 'McLaren'),
( 10106, 'Alban', 'Gaultier'),
( 10107, 'Michael', 'Hilinski'),
( 10108, 'Nilanga', 'Liyanage'),
( 10109, 'Roman', 'Krzysztofowicz'),
( 10110, 'Nikolaos', 'Sidiropoulos'),
( 10111, 'Reza', 'Mousavi'),
( 10112, 'Robert', 'Strickler'),
( 10113, 'Manouchehr', 'Mohajeri'),
( 10114, 'George', 'Mentore'),
( 10115, 'Robert', 'Salzar'),
( 10116, 'Michael', 'Livermore'),
( 10117, 'Kyle', 'Lampe'),
( 10118, 'Robert', 'Alvarez'),
( 10119, 'Victoria', 'Luit'),
( 10120, 'Helena', 'Snyder'),
( 10121, 'James', 'Lantzy'),
( 10122, 'James', 'Rolf'),
( 10123, 'Gordon', 'Jr.'),
( 10124, 'Daniel', 'Murphy'),
( 10125, 'James', 'Naughton'),
( 10126, 'Paul', 'Mahoney'),
( 10127, 'Kathryn', 'Morgan'),
( 10128, 'Adria', 'Laviolette'),
( 10129, 'Loren', 'Erickson'),
( 10130, 'Daniel', 'Engel'),
( 10131, 'William', 'Hitchcock'),
( 10132, 'Zimra', 'Ahdout'),
( 10133, 'Emily', 'Keyser'),
( 10134, 'Stella', 'Mattioli'),
( 10135, 'D', 'Tello-Trillo'),
( 10136, 'Anna', 'Brickhouse'),
( 10137, 'Jacqueline', 'Arthur-Montagne'),
( 10138, 'Cathy', 'Campbell'),
( 10139, 'Andrew', 'Kaufman'),
( 10140, 'Karen', 'Kafadar'),
( 10141, 'Sanchita', 'Bhatnagar'),
( 10142, 'Kateri', 'DuBay'),
( 10143, 'Lauren', 'Cleeves'),
( 10144, 'Joe', 'Campbell'),
( 10145, 'Ferial', 'Boutaghou'),
( 10146, 'Kathryn', 'Laughon'),
( 10147, 'Griffith', 'Chaussee'),
( 10148, 'Alan', 'McLucas'),
( 10149, 'Patrice', 'Kyger'),
( 10150, 'David', 'Green'),
( 10151, 'Jose', 'Ibarra'),
( 10152, 'Jun', 'Wang'),
( 10153, 'Michelle', 'Kisliuk'),
( 10154, 'Erin', 'Putalik'),
( 10155, 'John', 'Harrison'),
( 10156, 'Leslie', 'Bergin'),
( 10157, 'Nathan', 'Brunelle'),
( 10158, 'Amy', 'Chan'),
( 10159, 'Daniel', 'Sender'),
( 10160, 'John', 'Parker'),
( 10161, 'Anne', 'Kinney'),
( 10162, 'Mary', 'Oden'),
( 10163, 'Cody', 'Pennetti'),
( 10164, 'Armik', 'Mirzayan'),
( 10165, 'Bethany', 'Bell'),
( 10166, 'Eleanor', 'Wilson'),
( 10167, 'Dmitriy', 'Sonkin'),
( 10168, 'James', 'Galloway'),
( 10169, 'Jeffrey', 'Eavey'),
( 10170, 'Christine', 'Mahoney'),
( 10171, 'Kento', 'Yagi'),
( 10172, 'Andrew', 'Anderson'),
( 10173, 'Judith', 'Paulick'),
( 10174, 'Carl', 'Lambert'),
( 10175, 'Julia', 'Mahoney'),
( 10176, 'James', 'McDaniel'),
( 10177, 'William', 'Lombardi'),
( 10178, 'James', 'Lambert'),
( 10179, 'Kristyn', 'Wilson'),
( 10180, 'Harry', 'Crusemire'),
( 10181, 'Gennady', 'Uraltsev'),
( 10182, 'Jaideep', 'Kapur'),
( 10183, 'Jose', 'Oberholzer'),
( 10184, 'Tiffany', 'King'),
( 10185, 'Erik', 'Hewlett'),
( 10186, 'Dominique', 'Klakoski'),
( 10187, 'Michael', 'Wellmon'),
( 10188, 'James', 'Fleur'),
( 10189, 'Gabriel', 'Robins'),
( 10190, 'Justin', 'Thompson'),
( 10191, 'Gang', 'Tao'),
( 10192, 'Stefano', 'Grazioli'),
( 10193, 'Steven', 'Bowers'),
( 10194, 'Tami', 'Kim'),
( 10195, 'LaVae', 'Hoffman'),
( 10196, 'Jaimee', 'Traub'),
( 10197, 'Teague', 'Henry'),
( 10198, 'Tammy', 'Waddell'),
( 10199, 'Ronald', 'Falcone'),
( 10200, 'Rustam', 'Abuzov'),
( 10201, 'Luke', 'Wright'),
( 10202, 'Cassandra', 'Turner'),
( 10203, 'Kathleen', 'Weston'),
( 10204, 'Chad', 'Dodson'),
( 10205, 'John', 'Hulburt'),
( 10206, 'Damon', 'Swift'),
( 10207, 'Dorothy', 'Schafer'),
( 10208, 'Matthias', 'Maunsell'),
( 10209, 'Lesa', 'Shepherd'),
( 10210, 'Anindya', 'Dutta'),
( 10211, 'Chia-Yi', 'Kuan'),
( 10212, 'Gavin', 'Garner'),
( 10213, 'Sharon', 'Veith'),
( 10214, 'Sara', 'Maloni'),
( 10215, 'Jesse', 'Carlucci'),
( 10216, 'Anna', 'Borovskaya-Ellis'),
( 10217, 'Elissa', 'Zeno'),
( 10218, 'Scott', 'Doney'),
( 10219, 'Margaret', 'Smith'),
( 10220, 'Lorna', 'Martens'),
( 10221, 'Nagaraj', 'Kerur'),
( 10222, 'Melvin', 'Wilson'),
( 10223, 'Zvi', 'Gilboa'),
( 10224, 'Jason', 'Davis'),
( 10225, 'TAi', 'Roulston'),
( 10226, 'Eli', 'Zunder'),
( 10227, 'Tonya', 'White'),
( 10228, 'Jennifer', 'Morse'),
( 10229, 'Katherine', 'Holcomb'),
( 10230, 'Piers', 'Gelly'),
( 10231, 'Christian', 'McMillen'),
( 10232, 'Martin', 'Block'),
( 10233, 'Lawrence', 'Fullerton'),
( 10234, 'David', 'Edmunds'),
( 10235, 'Deborah', 'Jackson'),
( 10236, 'Erin', 'Lambert'),
( 10237, 'Sarah', 'Annunziato'),
( 10238, 'Caren', 'Freeman'),
( 10239, 'Gayle', 'Erwin'),
( 10240, 'Wendy', 'Amato'),
( 10241, 'Edwin', 'Otu'),
( 10242, 'Ani', 'Manichaikul'),
( 10243, 'Maxim', 'Bychkov'),
( 10244, 'Christopher', 'Tulip'),
( 10245, 'Gregory', 'Sollish'),
( 10246, 'K', 'White'),
( 10247, 'Gerard', 'Robinson'),
( 10248, 'Kevin', 'Driscoll'),
( 10249, 'Filip', 'Loncke'),
( 10250, 'Haifeng', 'Xu'),
( 10251, 'Devin', 'Donovan'),
( 10252, 'Allan', 'III'),
( 10253, 'Michael', 'Timko'),
( 10254, 'Marcia', 'Pentz-Harris'),
( 10255, 'Stefan', 'Bekiranov'),
( 10256, 'Ronald', 'Williams'),
( 10257, 'Steven', 'Walt'),
( 10258, 'Peter', 'Spaar'),
( 10259, 'Steven', 'Caliari'),
( 10260, 'Lauren', 'Elreda'),
( 10261, 'Agnieszka', 'Swiatecka-Urban'),
( 10262, 'Jiyeon', 'Choi'),
( 10263, 'Sara', 'Cranford'),
( 10264, 'Anthony', 'Russell'),
( 10265, 'Michael', 'Downing'),
( 10266, 'Haydn', 'Haring'),
( 10267, 'Howard', 'Goodkin'),
( 10268, 'Hyeyon', 'Moon'),
( 10269, 'Sylvia', 'Chong'),
( 10270, 'Matthew', 'McBrady'),
( 10271, 'Bryon', 'Gustafson'),
( 10272, 'Swayam', 'Bagaria'),
( 10273, 'Sabrina', 'Pendergrass'),
( 10274, 'Maran', 'Garland'),
( 10275, 'Zachary', 'Jones'),
( 10276, 'Ahmed', 'Ibrahim'),
( 10277, 'Shane', 'Davis'),
( 10278, 'Rosanne', 'Vrugtman'),
( 10279, 'Lisa', 'Cacho'),
( 10280, 'Sophia', 'Bamert'),
( 10281, 'Fraser', 'Neiman'),
( 10282, 'Brendan', 'Richardson'),
( 10283, 'Kathleen', 'Schiro'),
( 10284, 'Tasneem', 'Mandviwala'),
( 10285, 'David', 'Rekosh'),
( 10286, 'Allan', 'Harrison'),
( 10287, 'Carrie', 'Heilman'),
( 10288, 'Patrick', 'Hopkins'),
( 10289, 'Andrea', 'Roberts'),
( 10290, 'Michele', 'Claibourn'),
( 10291, 'Benjamin', 'II'),
( 10292, 'Sasa', 'Zorc'),
( 10293, 'Devin', 'Dobrowolski'),
( 10294, 'Alida', 'Davis'),
( 10295, 'Eric', 'Mitchell'),
( 10296, 'Sean', 'Duncan'),
( 10297, 'Annie', 'Kim'),
( 10298, 'Carrie', 'Simkin'),
( 10299, 'Diane', 'Pappas'),
( 10300, 'Chandra', 'Mason'),
( 10301, 'Jingjing', 'Li'),
( 10302, 'Garrick', 'Louis'),
( 10303, 'J', 'Verkerke'),
( 10304, 'Cynthia', 'Wall'),
( 10305, 'Michael', 'Brown'),
( 10306, 'Herman', 'Shugart'),
( 10307, 'Paul', 'Dobryden'),
( 10308, 'John', 'Comazzi'),
( 10309, 'Kimberly', 'Wilkens'),
( 10310, 'Cortney', 'Lowinski'),
( 10311, 'Edward', 'II'),
( 10312, 'Mamadou', 'Dia'),
( 10313, 'William', 'Wilhelm'),
( 10314, 'Laura', 'Malave'),
( 10315, 'Rabih', 'Alameddine'),
( 10316, 'Stefanie', 'Redemann'),
( 10317, 'Mark', 'Levinstein'),
( 10318, 'Lucy', 'Guarnera'),
( 10319, 'Latia', 'Ward'),
( 10320, 'Ahmed', 'Al-Rahim'),
( 10321, 'Mircea', 'Stan'),
( 10322, 'David', 'Fields'),
( 10323, 'Catherine', 'Bradshaw'),
( 10324, 'Rokesha', 'Green'),
( 10325, 'Upsorn', 'Praphamontripong'),
( 10326, 'Jeremy', 'Bolton'),
( 10327, 'Michele', 'Zaccagnini'),
( 10328, 'Paul', 'Adler'),
( 10329, 'David', 'Carr'),
( 10330, 'Amber', 'Campos'),
( 10331, 'Neal', 'Rock'),
( 10332, 'Michal', 'Barzuza'),
( 10333, 'Scott', 'Acton'),
( 10334, 'I-Jen', 'Fang'),
( 10335, 'Adam', 'Trost'),
( 10336, 'Brooks', 'Pate'),
( 10337, 'Jennifer', 'Barlow'),
( 10338, 'Peter', 'Furia'),
( 10339, 'James', 'Malone'),
( 10340, 'Rose', 'Nevill'),
( 10341, 'Thomas', 'Bersson'),
( 10342, 'Cady', 'Garey'),
( 10343, 'June', 'Baptist'),
( 10344, 'Murielle', 'Wekker'),
( 10345, 'Pedro', 'Matos'),
( 10346, 'Michael', 'Hough'),
( 10347, 'Aditya', 'Bamzai'),
( 10348, 'Ellen', 'Bassett'),
( 10349, 'James', 'Henry'),
( 10350, 'Nestor', 'Gounaris'),
( 10351, 'Mark', 'Hoover'),
( 10352, 'Connelly', 'Barnes'),
( 10353, 'Monica', 'Shenouda'),
( 10354, 'Peter', 'Westin'),
( 10355, 'Jon', 'Ihlefeld'),
( 10356, 'Cristina', 'Griffin'),
( 10357, 'Yunsheng', 'Huang'),
( 10358, 'Richard', 'Re'),
( 10359, 'Michael', 'Slon'),
( 10360, 'Amanda', 'Nelsen'),
( 10361, 'Meaghan', 'Young'),
( 10362, 'Clint', 'Miller'),
( 10363, 'Jason', 'Downer'),
( 10364, 'Chris', 'Highley'),
( 10365, 'Polly', 'Clark'),
( 10366, 'Pierre-Hugues', 'Verdier'),
( 10367, 'Molly', 'Sutherland'),
( 10368, 'Benjamin', 'Bennett'),
( 10369, 'Jane', 'Rice'),
( 10370, 'Remy', 'Indebetouw'),
( 10371, 'Gustav', 'Heldt'),
( 10372, 'Stephen', 'Oliver'),
( 10373, 'Thomas', 'Klubock'),
( 10374, 'Susan', 'Fraiman'),
( 10375, 'Tanya', 'Wanchek'),
( 10376, 'Louis', 'Bloomfield'),
( 10377, 'Hsin', 'Liang'),
( 10378, 'Julia', 'Blodgett'),
( 10379, 'Barbara', 'Reyna'),
( 10380, 'Alex', 'Johnson'),
( 10381, 'Kendra', 'Wisinski'),
( 10382, 'Kenneth', 'Jr.'),
( 10383, 'Robert', 'Guttman'),
( 10384, 'David', 'Murillo'),
( 10385, 'Brian', 'Smithson'),
( 10386, 'Yen', 'Do'),
( 10387, 'Matthew', 'Shields'),
( 10388, 'Gertrude', 'Fraser'),
( 10389, 'Jay', 'Hertel'),
( 10390, 'Anthony', 'Remijan'),
( 10391, 'Chi', 'Teo'),
( 10392, 'Ira', 'Bashkow'),
( 10393, 'Simone', 'Polillo'),
( 10394, 'Benjamin', 'Laugelli'),
( 10395, 'Andreas', 'Gahlmann'),
( 10396, 'Marty', 'Humphrey'),
( 10397, 'Raul', 'Chao'),
( 10398, 'Spencer', 'Phillips'),
( 10399, 'Tyson', 'Reeder'),
( 10400, 'Paul', 'Mitchell'),
( 10401, 'Susan', 'Almarode'),
( 10402, 'Alexandra', 'Bernosky'),
( 10403, 'Jonathan', 'Kropko'),
( 10404, 'Michael', 'Smith'),
( 10405, 'Njelle', 'Hamilton'),
( 10406, 'Rebecca', 'Rush'),
( 10407, 'Clifford', 'Stains'),
( 10408, 'Mary', 'Soffa'),
( 10409, 'Maxim', 'Engers'),
( 10410, 'Nelson', 'Leon'),
( 10411, 'Leena', 'Cho'),
( 10412, 'Karen', 'Lengen'),
( 10413, 'Joseph', 'Davis'),
( 10414, 'Melissa', 'Goldman'),
( 10415, 'Michael', 'Higgins'),
( 10416, 'James', 'McElvain'),
( 10417, 'Roger', 'Pao'),
( 10418, 'Robert', 'Weaver'),
( 10419, 'Eric', 'Herbst'),
( 10420, 'George', 'Gilliam'),
( 10421, 'Christopher', 'Neu'),
( 10422, 'Elizabeth', 'Narvaez'),
( 10423, 'James', 'Hunter'),
( 10424, 'Armando', 'Bolmey'),
( 10425, 'Vickie', 'Southall'),
( 10426, 'Bryan', 'Berger'),
( 10427, 'George', 'Sampson'),
( 10428, 'Mark', 'Floryan'),
( 10429, 'Negin', 'Alemazkoor'),
( 10430, 'Sarah', 'Cole'),
( 10431, 'Seongkook', 'Heo'),
( 10432, 'David', 'Mick'),
( 10433, 'Luke', 'Juday'),
( 10434, 'Angel', 'Jones'),
( 10435, 'Jieun', 'Sung'),
( 10436, 'Laura', 'Hawthorne'),
( 10437, 'Joshua', 'Choi'),
( 10438, 'R', 'Ramazani'),
( 10439, 'David', 'Germano'),
( 10440, 'Irina', 'Bochkis'),
( 10441, 'Ernest', 'V'),
( 10442, 'James', 'Morris'),
( 10443, 'Cassidi', 'Richmond'),
( 10444, 'Danielle', 'Charette'),
( 10445, 'Fred', 'Maus'),
( 10446, 'Moira', 'ONeill'),
( 10447, 'Erik', 'Braun'),
( 10448, 'Nasrin', 'Olla'),
( 10449, 'Kelsey', 'Johnson'),
( 10450, 'Sarah', 'Siegrist'),
( 10451, 'Brian', 'Pusser'),
( 10452, 'Vidya', 'Mani'),
( 10453, 'Lisa', 'Morkowchuk'),
( 10454, 'Despo', 'Louca'),
( 10455, 'Drew', 'Walton'),
( 10456, 'Deborah', 'Lawrence'),
( 10457, 'Barbara', 'Wilson'),
( 10458, 'Majid', 'Shafiee-Jood'),
( 10459, 'Dustin', 'Keller'),
( 10460, 'Milton', 'Vickerman'),
( 10461, 'Derick', 'Davis'),
( 10462, 'Sarah', 'Craig'),
( 10463, 'Debjani', 'Ganguly'),
( 10464, 'John', 'Porter'),
( 10465, 'Ying', 'Foutz'),
( 10466, 'Jayakrishna', 'Ambati'),
( 10467, 'Gary', 'Shiflet'),
( 10468, 'Sarita', 'Zaffini'),
( 10469, 'Jogender', 'Singh'),
( 10470, 'Harry', 'Jr'),
( 10471, 'Charles', 'Sackett'),
( 10472, 'Ali', 'Fard'),
( 10473, 'David', 'Smith'),
( 10474, 'Johntaylor', 'Bachman'),
( 10475, 'Amanda', 'Gibson'),
( 10476, 'Jennifer', 'Greeson'),
( 10477, 'William', 'McDonald'),
( 10478, 'Robert', 'Jr.'),
( 10479, 'Allison', 'Pugh'),
( 10480, 'Larry', 'Sabato'),
( 10481, 'Seth', 'McElroy'),
( 10482, 'Oliver', 'Schaer'),
( 10483, 'Leon', 'Szeptycki'),
( 10484, 'Micheline', 'Marcom'),
( 10485, 'Manoj', 'Patel'),
( 10486, 'Zhen', 'Yan'),
( 10487, 'David', 'Slutzky'),
( 10488, 'Kevin', 'Janes'),
( 10489, 'Jeremy', 'Marcel'),
( 10490, 'Venkataraman', 'Lakshmi'),
( 10491, 'Mark', 'Edmundson'),
( 10492, 'Asher', 'Biemann'),
( 10493, 'Linda', 'Eastham'),
( 10494, 'Nora', 'El-Bilawi'),
( 10495, 'Elizabeth', 'Meyer'),
( 10496, 'Philip', 'Bourne'),
( 10497, 'Nicola', 'Bezzo'),
( 10498, 'Xiaodong', 'Li'),
( 10499, 'David', 'Nemer'),
( 10500, 'Bradford', 'Hays'),
( 10501, 'Brittany', 'Olivari'),
( 10502, 'Alison', 'Hurley'),
( 10503, 'David', 'Hill'),
( 10504, 'Dewey', 'Cornell'),
( 10505, 'Russell', 'Nelson'),
( 10506, 'George', 'Christ'),
( 10507, 'Gregory', 'Propp'),
( 10508, 'Katie', 'McDermott'),
( 10509, 'Simon', 'Anderson'),
( 10510, 'Kimberly', 'Bednar'),
( 10511, 'Brian', 'Davis'),
( 10512, 'John', 'Shepherd'),
( 10513, 'Jaime', 'Mata'),
( 10514, 'Luther', 'Tychonievich'),
( 10515, 'Matthew', 'Shelton'),
( 10516, 'Charity', 'Fowler'),
( 10517, 'H.', 'Myers-Mitchell'),
( 10518, 'Elizabeth', 'Hall'),
( 10519, 'Gerard', 'Alexander'),
( 10520, 'Elizabeth', 'Orrico'),
( 10521, 'Alexa', 'Rodrguez'),
( 10522, 'Jennifer', 'Charlton'),
( 10523, 'Michael', 'Wojcik'),
( 10524, 'Jennifer', 'Pease'),
( 10525, 'Edward', 'Hogshire'),
( 10526, 'Benjamin', 'Small'),
( 10527, 'Edward', 'Egelman'),
( 10528, 'Christopher', 'Deppmann'),
( 10529, 'Michelle', 'Hock'),
( 10530, 'Catherine', 'Stetson'),
( 10531, 'Bettina', 'Winckler'),
( 10532, 'Robert', 'Jospe'),
( 10533, 'Yong', 'Wang'),
( 10534, 'Wintre', 'Johnson'),
( 10535, 'Timothy', 'Beatley'),
( 10536, 'Isaac', 'Reed'),
( 10537, 'David', 'Leblang'),
( 10538, 'Victoria', 'Olwell'),
( 10539, 'Sarah', 'Milov'),
( 10540, 'Emily', 'Wright'),
( 10541, 'Emily', 'Drake'),
( 10542, 'Olivier', 'Pfister'),
( 10543, 'Arthur', 'Small'),
( 10544, 'Derrick', 'Stone'),
( 10545, 'Arthur', 'Weltman'),
( 10546, 'Bicheng', 'Zhou'),
( 10547, 'Anastasia', 'Jellison'),
( 10548, 'Esther', 'Lorenz'),
( 10549, 'Kiera', 'Allison'),
( 10550, 'Samira', 'Khan'),
( 10551, 'Xiaoyuan', 'Liu'),
( 10552, 'Jacqueline', 'Lebeau'),
( 10553, 'Norbert', 'Leitinger'),
( 10554, 'Kimberly', 'Kelly'),
( 10555, 'Aidong', 'Zhang'),
( 10556, 'Matthew', 'Gagne'),
( 10557, 'June', 'West'),
( 10558, 'James', 'Fitz-Gerald'),
( 10559, 'David', 'Edwards'),
( 10560, 'Ari', 'Blatt'),
( 10561, 'Craig', 'Volden'),
( 10562, 'Christine', 'Guarnera'),
( 10563, 'Rachele', 'Olivier'),
( 10564, 'Adam', 'Felder'),
( 10565, 'Anton', 'Korinek'),
( 10566, 'Michelet', 'Estrada'),
( 10567, 'Patricia', 'Llewellyn'),
( 10568, 'Bethany', 'Teachman'),
( 10569, 'Peter', 'Waldman'),
( 10570, 'Randy', 'Jones'),
( 10571, 'Gianluca', 'Guadagni'),
( 10572, 'Andres', 'Clarens'),
( 10573, 'Cedric', 'Williams'),
( 10574, 'Michael', 'Freenor'),
( 10575, 'Derek', 'Cavens'),
( 10576, 'Muhammad', 'Sherif'),
( 10577, 'Yixin', 'Sun'),
( 10578, 'Wendell', 'Roberts'),
( 10579, 'Rachel', 'Kunemund'),
( 10580, 'John', 'Monahan'),
( 10581, 'Kimberly', 'Hoosier'),
( 10582, 'Laurent', 'Dubois'),
( 10583, 'Geoffrey', 'Carr'),
( 10584, 'Lin', 'Ma'),
( 10585, 'Marek-Jerzy', 'Pindera'),
( 10586, 'Giorgio', 'Carta'),
( 10587, 'Wendy', 'Achilles'),
( 10588, 'Melina', 'Kibbe'),
( 10589, 'Tatiana', 'Batova'),
( 10590, 'Kimberly', 'Suphal'),
( 10591, 'Nicolas', 'Barker'),
( 10592, 'Jieun', 'Pai'),
( 10593, 'Jesse', 'Quinlan'),
( 10594, 'Francine', 'Garrett-Bakelman'),
( 10595, 'Robert', 'Webb'),
( 10596, 'William', 'Cockrell'),
( 10597, 'Lisa', 'Goff'),
( 10598, 'Geoffrey', 'Cox'),
( 10599, 'Bethany', 'Coyne'),
( 10600, 'Philip', 'Potter'),
( 10601, 'James', 'Loeffler'),
( 10602, 'BriannaRae', 'Hundley'),
( 10603, 'Benjamin', 'Bowers'),
( 10604, 'Elizabeth', 'Wellbeloved'),
( 10605, 'Westley', 'Weimer'),
( 10606, 'Dmytro', 'Pesin'),
( 10607, 'Nishaki', 'Mehta'),
( 10608, 'Paul', 'Wagner'),
( 10609, 'Laura', 'Garcia'),
( 10610, 'Calvin', 'Brown'),
( 10611, 'Amber', 'McBride'),
( 10612, 'Stephen', 'Cushman'),
( 10613, 'Jason', 'Kerrigan'),
( 10614, 'Yue', 'Zhao'),
( 10615, 'Alexander', 'Cowan'),
( 10616, 'Patrick', 'Dennis'),
( 10617, 'Edmond', 'Dukes'),
( 10618, 'Evangelina', 'Demina'),
( 10619, 'Krishni', 'Wijesooriya'),
( 10620, 'Anita', 'McGinty'),
( 10621, 'Charles', 'Landen'),
( 10622, 'Corin', 'Fox'),
( 10623, 'Martien', 'Halvorson-Taylor'),
( 10624, 'Robert', 'Jr.'),
( 10625, 'Lucy', 'Pemberton'),
( 10626, 'William', 'Wylie'),
( 10627, 'Jonathan', 'Goodall'),
( 10628, 'Evangelia', 'Gazaki'),
( 10629, 'Sayan', 'Banerjee'),
( 10630, 'Xiaochao', 'Zheng'),
( 10631, 'Roger', 'Chevalier'),
( 10632, 'Sarah', 'Lydic'),
( 10633, 'Melur', 'Ramasubramanian'),
( 10634, 'Lauren', 'Carter'),
( 10635, 'Suzanne', 'Moomaw'),
( 10636, 'Mariana', 'Golino'),
( 10637, 'Tajie', 'Harris'),
( 10638, 'Peter', 'Schauss'),
( 10639, 'Evan', 'Shieh'),
( 10640, 'Heather', 'Warren'),
( 10641, 'Eric', 'Anderson'),
( 10642, 'Michael', 'Schill'),
( 10643, 'Robert', 'Jr.'),
( 10644, 'Grace', 'Hale'),
( 10645, 'Enrique', 'Nanez'),
( 10646, 'Meiqin', 'Li'),
( 10647, 'Eric', 'Murphy'),
( 10648, 'Yingri', 'Yu'),
( 10649, 'Alicen', 'Brown'),
( 10650, 'Olaniyi', 'Lucas'),
( 10651, 'Jun', 'Zhu'),
( 10652, 'Michael', 'Lenox'),
( 10653, 'Peter', 'Debaere'),
( 10654, 'Qing', 'Chang'),
( 10655, 'Benjamin', 'Rous'),
( 10656, 'Natalia', 'Palacios'),
( 10657, 'Christian', 'Owens'),
( 10658, 'Omar', 'Mendoza'),
( 10659, 'Auntais', 'Faulkner'),
( 10660, 'John', 'Wilson'),
( 10661, 'Silvia', 'Blemker'),
( 10662, 'Michael', 'Salerno'),
( 10663, 'Robert', 'Duncan'),
( 10664, 'Rebecca', 'Thomas'),
( 10665, 'John', 'Dienelt'),
( 10666, 'Carl', 'Knospe'),
( 10667, 'Eric', 'Loth'),
( 10668, 'Richard', 'Bonnie'),
( 10669, 'Amar', 'Cheema'),
( 10670, 'Eric', 'Turkheimer'),
( 10671, 'Deja', 'Swartz'),
( 10672, 'Diane', 'Whaley'),
( 10673, 'Karen', 'Inkelas'),
( 10674, 'Angela', 'Bayliss'),
( 10675, 'Rachel', 'Letteri'),
( 10676, 'Shankar', 'Nair'),
( 10677, 'Amy', 'Pruett'),
( 10678, 'Alan', 'Rasmussen'),
( 10679, 'Kimberly', 'Minnery'),
( 10680, 'Gahl', 'Pardes'),
( 10681, 'Laron', 'Scott'),
( 10682, 'Robert', 'Stolz'),
( 10683, 'Craig', 'Lefanowicz'),
( 10684, 'Susan', 'Chaplinsky'),
( 10685, 'Max', 'Biggs'),
( 10686, 'Allen', 'Lynch'),
( 10687, 'John', 'Glynn'),
( 10688, 'Jane', 'Mikkelson'),
( 10689, 'Hao', 'Jiang'),
( 10690, 'Anne', 'Mahler'),
( 10691, 'Helena', 'Zeweri'),
( 10692, 'Liana', 'Richardson'),
( 10693, 'Michael', 'Mason'),
( 10694, 'Sara', 'Young'),
( 10695, 'Michael', 'Moore'),
( 10696, 'Jocelin', 'Cheng'),
( 10697, 'Michael', 'Collins'),
( 10698, 'Dana', 'Golden'),
( 10699, 'Erin', 'Clabough'),
( 10700, 'Geeta', 'Patel'),
( 10701, 'Bradly', 'Reed'),
( 10702, 'Dinko', 'Pocanic'),
( 10703, 'Scott', 'Miller'),
( 10704, 'Zygmunt', 'Derewenda'),
( 10705, 'Richard', 'Campanelli'),
( 10706, 'Robert', 'Davis'),
( 10707, 'Lin', 'Pu'),
( 10708, 'Robert', 'Hirosky'),
( 10709, 'Ukpong', 'Eyo'),
( 10710, 'Enrico', 'Cesaretti'),
( 10711, 'Peter', 'Youngs'),
( 10712, 'Christopher', 'Tibbetts'),
( 10713, 'Bradley', 'Johnson'),
( 10714, 'Gaurab', 'Aryal'),
( 10715, 'Christy', 'Rotman'),
( 10716, 'Kristen', 'Eichensehr'),
( 10717, 'Elizabeth', 'Denton'),
( 10718, 'Pia', 'Adler'),
( 10719, 'Jim', 'Donovan'),
( 10720, 'Kimberly', 'Krawiec'),
( 10721, 'John', 'Dillery'),
( 10722, 'Felicia', 'Marston'),
( 10723, 'William', 'Therrien'),
( 10724, 'Miaomiao', 'Zhang'),
( 10725, 'Stefanie', 'Parker'),
( 10726, 'Matthew', 'Gerber'),
( 10727, 'Michael', 'Scott'),
( 10728, 'Kelsie', 'Kelly'),
( 10729, 'Carola', 'Schenone'),
( 10730, 'Kelsey', 'Clayback'),
( 10731, 'Richard', 'Evans'),
( 10732, 'Gary', 'Roseman'),
( 10733, 'Ammasi', 'Periasamy'),
( 10734, 'Catherine', 'Morrell'),
( 10735, 'Walter', 'Jr.'),
( 10736, 'Randall', 'Flaherty'),
( 10737, 'Anri', 'Yasuda'),
( 10738, 'Christopher', 'Krentz'),
( 10739, 'Brendan', 'Bartanen'),
( 10740, 'Katharine', 'Maus'),
( 10741, 'Michael', 'Petrus'),
( 10742, 'Charles', 'Kromkowski'),
( 10743, 'Paul', 'Pitman'),
( 10744, 'Jonathan', 'Rosen'),
( 10745, 'David', 'Grissmer'),
( 10746, 'James', 'Landers'),
( 10747, 'Utpal', 'Chatterjee'),
( 10748, 'Lisa', 'Shutt'),
( 10749, 'Caroline', 'Melton'),
( 10750, 'Deborah', 'Durham'),
( 10751, 'Shiran', 'Shen'),
( 10752, 'Daniel', 'Ortiz'),
( 10753, 'Laurie', 'Brenner'),
( 10754, 'Roderick', 'French'),
( 10755, 'Richard', 'Martukanitz'),
( 10756, 'Stephanie', 'Hover'),
( 10757, 'Raymond', 'Smith'),
( 10758, 'Jessica', 'Andruss'),
( 10759, 'Scott', 'Snell'),
( 10760, 'Nicholas', 'Ballering'),
( 10761, 'Brian', 'Bill'),
( 10762, 'Kevin', 'Lynch'),
( 10763, 'Kevin', 'Cross'),
( 10764, 'Eli', 'Carter'),
( 10765, 'Laura', 'Roberts'),
( 10766, 'Rajkumar', 'Venkatesan'),
( 10767, 'Kimberly', 'Sauerwein'),
( 10768, 'Matthew', 'Panzer'),
( 10769, 'Patricia', 'Chesson'),
( 10770, 'Molly', 'Johnson'),
( 10771, 'Natasha', 'Heller'),
( 10772, 'Ernesto', 'Benitez'),
( 10773, 'Tiffany', 'Watlington'),
( 10774, 'Claudrena', 'Harold'),
( 10775, 'Bryan', 'Cook'),
( 10776, 'Genevieve', 'Brackins'),
( 10777, 'Emma', 'Mitchell'),
( 10778, 'Ryan', 'MacDonald'),
( 10779, 'Kyrill', 'Kunakhovich'),
( 10780, 'Elizabeth', 'Powell'),
( 10781, 'Margaret', 'Bryce'),
( 10782, 'Cong', 'Zhang'),
( 10783, 'Clare', 'Lewis'),
( 10784, 'Andrew', 'Grimshaw'),
( 10785, 'Kasey', 'Jernigan'),
( 10786, 'Stephen', 'Parks'),
( 10787, 'Mark', 'White'),
( 10788, 'Alexander', 'Klibanov'),
( 10789, 'Adam', 'Leive'),
( 10790, 'Joseph', 'III'),
( 10791, 'Charlotte', 'Ure'),
( 10792, 'Ashley', 'Apple'),
( 10793, 'Isaac', 'Hametz'),
( 10794, 'Elizabeth', 'Wittner'),
( 10795, 'William', 'Jr.'),
( 10796, 'Jane', 'Hilton'),
( 10797, 'Amanda', 'Cowen'),
( 10798, 'Hannah', 'Rogers'),
( 10799, 'Benjamin', 'Purow'),
( 10800, 'Tomonari', 'Furukawa'),
( 10801, 'Gregory', 'Goering'),
( 10802, 'Roseanne', 'Ford'),
( 10803, 'Megan', 'Stevenson'),
( 10804, 'Craig', 'Konnoth'),
( 10805, 'Abigail', 'Flower'),
( 10806, 'Nicole', 'Montgomery'),
( 10807, 'Huiwang', 'Ai'),
( 10808, 'Mool', 'Gupta'),
( 10809, 'Ghazal', 'Jafari'),
( 10810, 'Peter', 'Baker'),
( 10811, 'Bruce', 'Williams'),
( 10812, 'Charles', 'IV'),
( 10813, 'James', 'Sonnett'),
( 10814, 'Douglas', 'Fordham'),
( 10815, 'Gessner', 'Harrison'),
( 10816, 'Emily', 'Kohler'),
( 10817, 'David', 'Auble'),
( 10818, 'Frederick', 'Missel'),
( 10819, 'Judith', 'Woodfolk'),
( 10820, 'Larry', 'Bouchard'),
( 10821, 'Sophia', 'Mariam'),
( 10822, 'Donna', 'Chen'),
( 10823, 'Jeri', 'Seidman'),
( 10824, 'George', 'Prpich'),
( 10825, 'Rachel', 'Miller'),
( 10826, 'Genevieve', 'Keller'),
( 10827, 'Homa', 'Alemzadeh'),
( 10828, 'Raymond', 'Pettit'),
( 10829, 'Leonid', 'Zhigilei'),
( 10830, 'William', 'Shand'),
( 10831, 'Louis', 'Nelson'),
( 10832, 'Nitya', 'Kallivayalil'),
( 10833, 'Malinda', 'Whitlow'),
( 10834, 'Matthew', 'Street'),
( 10835, 'Charles', 'Farber'),
( 10836, 'Randall', 'Robey'),
( 10837, 'Rachel', 'Most'),
( 10838, 'Mohammad', 'Mahmoody'),
( 10839, 'Erin', 'Moore'),
( 10840, 'James', 'Cohoon'),
( 10841, 'Nomi', 'Dave'),
( 10842, 'Rita', 'Dove'),
( 10843, 'Alan', 'Howard'),
( 10844, 'David', 'Dalton'),
( 10845, 'Seungyeob', 'Baek'),
( 10846, 'Maria', 'Aranguren'),
( 10847, 'Cole', 'Rizki'),
( 10848, 'Cheryl', 'Krueger'),
( 10849, 'Tianxi', 'Li'),
( 10850, 'Robin', 'Garrod'),
( 10851, 'Stephanie', 'Ceraso'),
( 10852, 'Alison', 'Criss'),
( 10853, 'Mehdi', 'Boukhechba'),
( 10854, 'Hudson', 'Golino'),
( 10855, 'Emily', 'Atieh'),
( 10856, 'Keith', 'Driver'),
( 10857, 'Bruce', 'Foster'),
( 10858, 'Jonathan', 'Colmer'),
( 10859, 'Dariusz', 'Tolczyk'),
( 10860, 'Dana', 'Balser'),
( 10861, 'James', 'Rich'),
( 10862, 'Neeti', 'Nair'),
( 10863, 'Robert', 'Weikle'),
( 10864, 'Rosalyn', 'Berne'),
( 10865, 'Cora', 'Schenberg'),
( 10866, 'Samuel', 'Green'),
( 10867, 'Masashi', 'Kawasaki'),
( 10868, 'Jennifer', 'Geddes'),
( 10869, 'Blaire', 'Cholewa'),
( 10870, 'Cassandra', 'Fraser'),
( 10871, 'Rebecca', 'Watson'),
( 10872, 'Tinkhani', 'White'),
( 10873, 'Tovah', 'Close'),
( 10874, 'Kathy', 'Neesen'),
( 10875, 'Amanda', 'Phillips'),
( 10876, 'Kimberly', 'Acquaviva'),
( 10877, 'Shulamith', 'Kang'),
( 10878, 'Elizabeth', 'Barnes'),
( 10879, 'Patrick', 'Levy-Lavelle'),
( 10880, 'Eric', 'Martin'),
( 10881, 'Einar', 'Ingvarsson'),
( 10882, 'Damien', 'Robinson'),
( 10883, 'Robert', 'Davis'),
( 10884, 'Kathryn', 'Bennington'),
( 10885, 'David', 'Kashatus'),
( 10886, 'Patricia', 'Sullivan'),
( 10887, 'Bonnie', 'Gordon'),
( 10888, 'Adrienne', 'Wood'),
( 10889, 'David', 'Smith'),
( 10890, 'Aaron', 'Mills'),
( 10891, 'Daniel', 'Stromberg'),
( 10892, 'Julianne', 'Quinn'),
( 10893, 'Jeannette', 'Jang'),
( 10894, 'Edward', 'Yu'),
( 10895, 'Richard', 'Nichols'),
( 10896, 'Julia', 'May'),
( 10897, 'Bijoy', 'Kundu'),
( 10898, 'Aaron', 'Evans'),
( 10899, 'Charles', 'Reiss'),
( 10900, 'Panayotis', 'Markou'),
( 10901, 'Erica', 'Rouch'),
( 10902, 'Sepideh', 'Dolatshahi'),
( 10903, 'Risa', 'Goluboff'),
( 10904, 'Hans', 'Gromoll'),
( 10905, 'Adam', 'Liddle'),
( 10906, 'Sara', 'Dexter'),
( 10907, 'Angeline', 'Lillard'),
( 10908, 'Melissa', 'Hey'),
( 10909, 'Amy', 'Bouton'),
( 10910, 'Terence', 'Johnson'),
( 10911, 'Kurtis', 'Schaeffer'),
( 10912, 'Megan', 'Pugh'),
( 10913, 'Kirt', 'Daacke'),
( 10914, 'Michael', 'Elliott'),
( 10915, 'Jeffrey', 'Smith'),
( 10916, 'Robert', 'Archer'),
( 10917, 'Martin', 'Wu'),
( 10918, 'Gail', 'Lovette'),
( 10919, 'Michael', 'Menaker'),
( 10920, 'Keith', 'Kozminski'),
( 10921, 'Derrick', 'Alridge'),
( 10922, 'Michael', 'Levenson'),
( 10923, 'Emily', 'Wettstein'),
( 10924, 'Leonid', 'Petrov'),
( 10925, 'Lindgren', 'Johnson'),
( 10926, 'Thomas', 'Hall'),
( 10927, 'Angela', 'Orebaugh'),
( 10928, 'Leslie', 'Kendrick'),
( 10929, 'Peter', 'Brunjes'),
( 10930, 'Kenneth', 'Walsh'),
( 10931, 'John', 'Horn'),
( 10932, 'Peter', 'Stukenberg'),
( 10933, 'Joshua', 'White'),
( 10934, 'Kimberly', 'Whitler'),
( 10935, 'Tara', 'Hofkens'),
( 10936, 'Virginia', 'Vitiello'),
( 10937, 'Ignacio', 'Provencio'),
( 10938, 'H', 'Kneedler'),
( 10939, 'Maya', 'Drake'),
( 10940, 'Jay', 'Hirsh'),
( 10941, 'Abdelmalek', 'Abdesselam'),
( 10942, 'April', 'Salerno'),
( 10943, 'Gregory', 'Gerling'),
( 10944, 'Michelle', 'Gottschlich'),
( 10945, 'Kelly', 'Shaffer'),
( 10946, 'David', 'Touve'),
( 10947, 'David', 'Sherman'),
( 10948, 'Jelena', 'Samonina'),
( 10949, 'Matthew', 'Yoder'),
( 10950, 'James', 'Wyckoff'),
( 10951, 'Nicholas', 'Winter'),
( 10952, 'Virginia', 'LeBaron'),
( 10953, 'Richard', 'Floyd'),
( 10954, 'Alan', 'Simmons'),
( 10955, 'Rose', 'Cole'),
( 10956, 'Janet', 'Stack'),
( 10957, 'Gregg', 'Strauss'),
( 10958, 'Wendy', 'Novicoff'),
( 10959, 'Mikhail', 'Ershov'),
( 10960, 'Ekaterina', 'Dianina'),
( 10961, 'Cynthia', 'Sinchak'),
( 10962, 'Jennifer', 'Lafleur'),
( 10963, 'Robert', 'Group'),
( 10964, 'Ignacio', 'Ognian'),
( 10965, 'Roger', 'Martin'),
( 10966, 'Allison', 'Leach'),
( 10967, 'Matthew', 'Chin'),
( 10968, 'Maynard', 'Sipe'),
( 10969, 'Walker', 'Stern'),
( 10970, 'Yitna', 'Firdyiwek'),
( 10971, 'Peter', 'Arnold'),
( 10972, 'William', 'Russell'),
( 10973, 'Kisha', 'Lashley'),
( 10974, 'Sara', 'Rimm-Kaufman'),
( 10975, 'Joanne', 'Dugan'),
( 10976, 'Kirill', 'Zhirkov'),
( 10977, 'Mark', 'Elson'),
( 10978, 'Gladis', 'Griffith'),
( 10979, 'Thurl', 'Harris'),
( 10980, 'Susan', 'Merchant'),
( 10981, 'Ann', 'Turman'),
( 10982, 'Brendan', 'Boler'),
( 10983, 'Brant', 'Isakson'),
( 10984, 'Ethan', 'Yale'),
( 10985, 'Theresa', 'Davis'),
( 10986, 'Anna', 'Pun'),
( 10987, 'Mieko', 'Kawai'),
( 10988, 'Nick', 'Tsihlis'),
( 10989, 'Jeanita', 'Richardson'),
( 10990, 'J.', 'Seder'),
( 10991, 'Roy', 'Jr.'),
( 10992, 'Wendy', 'Lynch'),
( 10993, 'Jasmine', 'Hu'),
( 10994, 'W', 'Wormington'),
( 10995, 'Antoinette', 'Thomas'),
( 10996, 'Bradley', 'Cox'),
( 10997, 'Charlotte', 'Matthews'),
( 10998, 'Robert', 'Bailey'),
( 10999, 'Heather', 'Carlton'),
( 11000, 'Bruno', 'Braga'),
( 11001, 'Saras', 'Sarasvathy'),
( 11002, 'Lisa', 'Messeri'),
( 11003, 'Andrew', 'Obus'),
( 11004, 'Michelle', 'Forelle'),
( 11005, 'Mary', 'Repass'),
( 11006, 'Melanie', 'Rutkowski'),
( 11007, 'Karen', 'Firehock'),
( 11008, 'Pamela', 'Norris'),
( 11009, 'Clare', 'Kinney'),
( 11010, 'Walter', 'III'),
( 11011, 'Steven', 'Boker'),
( 11012, 'David', 'Edwards'),
( 11013, 'Scott', 'Edelson'),
( 11014, 'Robert', 'Pianta'),
( 11015, 'Caroline', 'Brand'),
( 11016, 'Aniko', 'Bodroghkozy'),
( 11017, 'Sean', 'Elliott'),
( 11018, 'Joe', 'Jr.'),
( 11019, 'William', 'Balderrama'),
( 11020, 'Megan', 'Burke'),
( 11021, 'Vicente', 'Ordonez-Roman'),
( 11022, 'James', 'Stone'),
( 11023, 'Shan', 'Yu'),
( 11024, 'Rupa', 'Valdez'),
( 11025, 'Ziyi', 'Geng'),
( 11026, 'Richard', 'IV'),
( 11027, 'Benjamin', 'Hayes'),
( 11028, 'John', 'Miller'),
( 11029, 'Celeste', 'Greene'),
( 11030, 'James', 'Parker'),
( 11031, 'Jennifer', 'Kastello'),
( 11032, 'Nathan', 'Swami'),
( 11033, 'Leah', 'Reid'),
( 11034, 'Sarah', 'Burnett'),
( 11035, 'Kathleen', 'Stranix'),
( 11036, 'Elizabeth', 'Roettger'),
( 11037, 'Beth', 'Schueler'),
( 11038, 'Rita', 'Felski'),
( 11039, 'Nolan', 'Wages'),
( 11040, 'Anatoly', 'Klypin'),
( 11041, 'Stefan', 'Ruediger'),
( 11042, 'Timothy', 'Bullock'),
( 11043, 'Penny', 'Eschen'),
( 11044, 'Kathleen', 'Flake'),
( 11045, 'Bimal', 'Desai'),
( 11046, 'Susan', 'Dudley'),
( 11047, 'John', 'Pepper'),
( 11048, 'David', 'Spicer'),
( 11049, 'Sean', 'Ferguson'),
( 11050, 'Marija', 'Vucelja'),
( 11051, 'Michelle', 'Bland'),
( 11052, 'E', 'Dukes'),
( 11053, 'Antonia', 'Lolordo'),
( 11054, 'Terri', 'Yost'),
( 11055, 'Charles', 'Jr.'),
( 11056, 'Kristen', 'Naegle'),
( 11057, 'Michelle', 'Nelson'),
( 11058, 'Charles', 'Laughlin'),
( 11059, 'Jeffrey', 'Rossman'),
( 11060, 'Zhi-Yun', 'Li'),
( 11061, 'Francesca', 'Borrione'),
( 11062, 'Christian', 'Simmers'),
( 11063, 'Naomi', 'Cahn'),
( 11064, 'Joel', 'Rini'),
( 11065, 'Phillip', 'Gates'),
( 11066, 'Joshua', 'Earle'),
( 11067, 'Kevin', 'Duong'),
( 11068, 'Wynn', 'Legon'),
( 11069, 'Fernando', 'Rodriguez'),
( 11070, 'Jason', 'Schultz'),
( 11071, 'Elizabeth', 'Opila'),
( 11072, 'Nicole', 'Ramsey'),
( 11073, 'Stephen', 'Plaskon'),
( 11074, 'Yoon', 'Choi'),
( 11075, 'Mona', 'Kasra'),
( 11076, 'Christine', 'Connelly'),
( 11077, 'Scott', 'Pol'),
( 11078, 'Jason', 'Johnston'),
( 11079, 'Nancy', 'Deutsch'),
( 11080, 'Wyatt', 'Andrews'),
( 11081, 'Alan', 'Beckenstein'),
( 11082, 'Chloe', 'Dedic'),
( 11083, 'Jennifer', 'Hogg'),
( 11084, 'Andrei', 'Rapinchuk'),
( 11085, 'Brian', 'Helmke'),
( 11086, 'James', 'Igoe'),
( 11087, 'Colleen', 'Kelly'),
( 11088, 'Michael', 'Powers'),
( 11089, 'Melanie', 'Levine'),
( 11090, 'Kelly', 'Gross'),
( 11091, 'Christian', 'ONeill'),
( 11092, 'Jennifer', 'Lobo'),
( 11093, 'Keith', 'Williams'),
( 11094, 'Zongli', 'Lin'),
( 11095, 'Thomas', 'Eller'),
( 11096, 'Atsushi', 'Yoshida'),
( 11097, 'Katherine', 'Mars'),
( 11098, 'Madelyn', 'Stuart'),
( 11099, 'Claire', 'Cronmiller'),
( 11100, 'Jared', 'Harris'),
( 11101, 'Valerie', 'Bass'),
( 11102, 'Christine', 'Thisse'),
( 11103, 'Kristen', 'Roorbach'),
( 11104, 'Adrian', 'Keevil'),
( 11105, 'John', 'Nye'),
( 11106, 'Jochen', 'Zimmer'),
( 11107, 'Rajesh', 'Balkrishnan'),
( 11108, 'Marcel', 'Schmid'),
( 11109, 'Mary', 'Kuhn'),
( 11110, 'Nettie', 'Woolhandler'),
( 11111, 'Kyle', 'Sturgeon'),
( 11112, 'You', 'Qi'),
( 11113, 'Elizabeth', 'Turner'),
( 11114, 'Jennifer', 'Maddrell'),
( 11115, 'Paul', 'Kershaw'),
( 11116, 'A.', 'Howard'),
( 11117, 'Daniel', 'Henry'),
( 11118, 'Noelle', 'Hurd'),
( 11119, 'Bethany', 'Ruhlman'),
( 11120, 'Ruslan', 'Elistratov'),
( 11121, 'Kevin', 'Lehmann'),
( 11122, 'Deborah', 'McGrady'),
( 11123, 'Robin', 'Leiter-White'),
( 11124, 'Richard', 'Handler'),
( 11125, 'Robert', 'Grainger'),
( 11126, 'Ricardo', 'Padron'),
( 11127, 'Chad', 'Meliza'),
( 11128, 'Siddhant', 'Issar'),
( 11129, 'Yael', 'Grushka-Cockayne'),
( 11130, 'Geoffrey', 'Geise'),
( 11131, 'Timothy', 'Chapman'),
( 11132, 'Anna', 'Hogg'),
( 11133, 'Xiaorong', 'Liu'),
( 11134, 'Christopher', 'McGee'),
( 11135, 'Peter', 'Lyons'),
( 11136, 'Richard', 'Schragger'),
( 11137, 'Ethan', 'Saliba'),
( 11138, 'Miao-Fen', 'Tseng'),
( 11139, 'Maria', 'Ferrara'),
( 11140, 'Ivana', 'Petrovic'),
( 11141, 'James', 'Detert'),
( 11142, 'Marylin', 'Isabella'),
( 11143, 'Swapnil', 'Sonkusare'),
( 11144, 'Robert', 'Gilliard'),
( 11145, 'James', 'Casanova'),
( 11146, 'Julia', 'Cohen'),
( 11147, 'Lauren', 'McQuistion'),
( 11148, 'Chang', 'Liu'),
( 11149, 'Alexander', 'Wolfson'),
( 11150, 'Casey', 'Ireland'),
( 11151, 'John', 'OBrien'),
( 11152, 'James', 'Ballenger'),
( 11153, 'Katharine', 'Balfour'),
( 11154, 'Kathryn', 'Quissell'),
( 11155, 'Regina', 'DeGennaro'),
( 11156, 'Ann', 'Sutherland'),
( 11157, 'Dale', 'Arney'),
( 11158, 'Michael', 'Hood'),
( 11159, 'Shayn', 'Peirce-Cottler'),
( 11160, 'Melissa', 'Hunt'),
( 11161, 'Aakrosh', 'Ratan'),
( 11162, 'Brian', 'Owensby'),
( 11163, 'Fernando', 'Opere'),
( 11164, 'Jeffrey', 'Leopold'),
( 11165, 'Ming', 'Li'),
( 11166, 'Coby', 'Meyers'),
( 11167, 'Alan', 'Bergland'),
( 11168, 'Lakeshia', 'Taite'),
( 11169, 'Julia', 'Gutterman'),
( 11170, 'Robert', 'Lindberg'),
( 11171, 'Sheila', 'Toppin'),
( 11172, 'Craig', 'Benson'),
( 11173, 'Marc', 'Lipson'),
( 11174, 'Luis', 'Crespo'),
( 11175, 'Jianhui', 'Zhou'),
( 11176, 'Meghan', 'Lehembre'),
( 11177, 'Andrew', 'Sanderford'),
( 11178, 'Dwaipayan', 'Roy'),
( 11179, 'Karen', 'Moran'),
( 11180, 'Jongsoo', 'Yoon'),
( 11181, 'Jason', 'Chruma'),
( 11182, 'Pham', 'Hung'),
( 11183, 'Alfred', 'Weaver'),
( 11184, 'Susan', 'Aigotti'),
( 11185, 'Keara', 'Goin'),
( 11186, 'William', 'Guilford'),
( 11187, 'Zachary', 'Fuller'),
( 11188, 'Alan', 'Taylor'),
( 11189, 'Lawrence', 'Band'),
( 11190, 'Deborah', 'McDowell'),
( 11191, 'David', 'Skubby'),
( 11192, 'Karen', 'Schmidt'),
( 11193, 'Ottilie', 'Austin'),
( 11194, 'Patrick', 'Funk'),
( 11195, 'Elise', 'Cope'),
( 11196, 'Ilya', 'Levental'),
( 11197, 'Sylvia', 'Tidey'),
( 11198, 'Lauren', 'Hauser'),
( 11199, 'Shane', 'Dikolli'),
( 11200, 'Elizabeth', 'Roberts'),
( 11201, 'Sarah', 'Teets'),
( 11202, 'Victor', 'Tringali'),
( 11203, 'Benjamin', 'Castleman'),
( 11204, 'Diane', 'Dickie'),
( 11205, 'James', 'Burns'),
( 11206, 'Paul', 'McBurney'),
( 11207, 'Lawrence', 'Solum'),
( 11208, 'Mandisa', 'Anderson'),
( 11209, 'Kim', 'Forde-Mazrui'),
( 11210, 'Michael', 'Kennedy'),
( 11211, 'Dorothy', 'Kelly'),
( 11212, 'Peter', 'Kasson'),
( 11213, 'Clifford', 'Maxwell'),
( 11214, 'Nikhil', 'Shukla'),
( 11215, 'Maite', 'Brandt-Pearce'),
( 11216, 'Scott', 'Zeitlin'),
( 11217, 'Charles', 'Grisham'),
( 11218, 'Beverly', 'Wilson'),
( 11219, 'Sean', 'Agnew'),
( 11220, 'Leora', 'Friedberg'),
( 11221, 'Scott', 'Beardsley'),
( 11222, 'Michael', 'Vito'),
( 11223, 'Noelle', 'Dwyer'),
( 11224, 'Dorothy', 'Wong'),
( 11225, 'Roberto', 'Gomez'),
( 11226, 'Ingrid', 'Hakala'),
( 11227, 'Michael', 'King'),
( 11228, 'Mark', 'Kester'),
( 11229, 'Richard', 'Steeves'),
( 11230, 'Linda', 'Columbus'),
( 11231, 'Rachel', 'Wahl'),
( 11232, 'Thomas', 'Druzgal'),
( 11233, 'Karim', 'Chalak'),
( 11234, 'Mark', 'Sherriff'),
( 11235, 'Faith', 'Zabek'),
( 11236, 'Amanda', 'Williford'),
( 11237, 'Ira', 'Herbst'),
( 11238, 'Ting', 'Xu'),
( 11239, 'William', 'Shobe'),
( 11240, 'Robert', 'Hueckstedt'),
( 11241, 'John', 'Campbell'),
( 11242, 'James', 'Soland'),
( 11243, 'Sidney', 'Milkis'),
( 11244, 'Christopher', 'Stephan'),
( 11245, 'Ila', 'Berman'),
( 11246, 'Barry', 'Hinton'),
( 11247, 'Cynthia', 'Hoehler-Fatton'),
( 11248, 'Austin', 'English'),
( 11249, 'Caitlin', 'Burchfield'),
( 11250, 'Ginger', 'Richardson'),
( 11251, 'John', 'Portmann'),
( 11252, 'Daniel', 'Lefkowitz'),
( 11253, 'Christopher', 'Maurer'),
( 11254, 'Armin', 'Mattes'),
( 11255, 'Susan', 'Porter'),
( 11256, 'Sharon', 'Shaffer'),
( 11257, 'Benjamin', 'Converse'),
( 11258, 'Sandhya', 'Shukla'),
( 11259, 'Kandioura', 'Dramé'),
( 11260, 'Clarence', 'IV'),
( 11261, 'Peter', 'Troyan'),
( 11262, 'Patricia', 'OBrien'),
( 11263, 'Worthy', 'Martin'),
( 11264, 'Melissa', 'Kendall'),
( 11265, 'John', 'Jr.'),
( 11266, 'James', 'Jr.'),
( 11267, 'Micah', 'Mazurek'),
( 11268, 'George', 'Overstreet'),
( 11269, 'Brian', 'Neumann'),
( 11270, 'Jing', 'Gong'),
( 11271, 'Christopher', 'Mazurek'),
( 11272, 'Beverly', 'Adams'),
( 11273, 'Jessica', 'Whittaker'),
( 11274, 'Stephen', 'Arata'),
( 11275, 'Gordon', 'Laurie'),
( 11276, 'Samhita', 'Sunya'),
( 11277, 'Elizabeth', 'Ellcessor'),
( 11278, 'Thomas', 'Loughran'),
( 11279, 'Michael', 'Gilbert'),
( 11280, 'Robert', 'Cox'),
( 11281, 'Jordan', 'Burke'),
( 11282, 'Erik', 'Ruzek'),
( 11283, 'Naseemah', 'Mohamed'),
( 11284, 'James', 'Kinney'),
( 11285, 'Lynn', 'Yuan'),
( 11286, 'Caroline', 'Kahlenberg'),
( 11287, 'David', 'Law'),
( 11288, 'Brian', 'Smith'),
( 11289, 'Joseph', 'Williams'),
( 11290, 'David', 'Sariti'),
( 11291, 'Veronica', 'Katz'),
( 11292, 'Matthew', 'Elia'),
( 11293, 'Mark', 'Kopeny'),
( 11294, 'Wei-Lun', 'Tsai'),
( 11295, 'Sherica', 'Jones-Lewis'),
( 11296, 'Joseph', 'Seeley'),
( 11297, 'David', 'Walsh'),
( 11298, 'Andrew', 'Koch'),
( 11299, 'Amalia', 'Miller'),
( 11300, 'Jon', 'DErrico'),
( 11301, 'Akemi', 'Rollando'),
( 11302, 'Richard', 'Kennedy'),
( 11303, 'Loreto', 'Munoz'),
( 11304, 'Adam', 'Barnes'),
( 11305, 'Karen', 'McGlathery'),
( 11306, 'Taylor', 'Brown'),
( 11307, 'Marc', 'Breton'),
( 11308, 'Pascale', 'Hapgood'),
( 11309, 'David', 'Chapman'),
( 11310, 'Ariel', 'Pani'),
( 11311, 'Jessica', 'Connelly'),
( 11312, 'Youjia', 'Hua'),
( 11313, 'James', 'Smith'),
( 11314, 'Ming-Jer', 'Chen'),
( 11315, 'Maria', 'Hervas'),
( 11316, 'Kevin', 'Lee'),
( 11317, 'Patricia', 'Wattenmaker'),
( 11318, 'Gregory', 'Medlock'),
( 11319, 'Joshua', 'Fischman'),
( 11320, 'David', 'Nichols'),
( 11321, 'Kimberly', 'Robinson'),
( 11322, 'Joshua', 'Mound'),
( 11323, 'Weiqiang', 'Wang'),
( 11324, 'Barry', 'Johnson'),
( 11325, 'Jessamyn', 'Manson'),
( 11326, 'Mrinalini', 'Chakravorty'),
( 11327, 'Kodi', 'Ravichandran'),
( 11328, 'Randy', 'Bird'),
( 11329, 'Andrew', 'Ferguson'),
( 11330, 'Lian-Wang', 'Guo'),
( 11331, 'Brian', 'Balogh'),
( 11332, 'Matthew', 'Lazzara'),
( 11333, 'Margaret', 'Riley'),
( 11334, 'Thomas', 'Smith'),
( 11335, 'Josh', 'Bowers'),
( 11336, 'Lisa', 'Spaar'),
( 11337, 'Scott', 'Ransom'),
( 11338, 'James', 'Groves'),
( 11339, 'Giovanni', 'Zangari'),
( 11340, 'Erin', 'Hall'),
( 11341, 'Xavier', 'Thompson'),
( 11342, 'Jeanine', 'Braithwaite'),
( 11343, 'Matthew', 'Marshall'),
( 11344, 'Gladys', 'Saunders'),
( 11345, 'Arthur', 'Zanin'),
( 11346, 'Emiliana', 'Versteeg'),
( 11347, 'Kevin', 'Hart'),
( 11348, 'James', 'Cheng'),
( 11349, 'Laura', 'Barnes'),
( 11350, 'Allison', 'Wright'),
( 11351, 'Inger', 'Kuin'),
( 11352, 'Christian', 'Steinmetz'),
( 11353, 'David', 'Wotton'),
( 11354, 'Bingyun', 'Wang'),
( 11355, 'Brian', 'Richter'),
( 11356, 'Douglas', 'Meyer'),
( 11357, 'Jason', 'Papin'),
( 11358, 'Richard', 'Ridge'),
( 11359, 'Tobias', 'Grossmann'),
( 11360, 'Julian', 'Connolly'),
( 11361, 'Suad', 'Mohamed'),
( 11362, 'Karl', 'Miller'),
( 11363, 'Lauren', 'Collins'),
( 11364, 'Wu-Seng', 'Lung'),
( 11365, 'Edward', 'Bertram'),
( 11366, 'Beth', 'Quatrara'),
( 11367, 'Christian', 'Reidys'),
( 11368, 'Paula', 'Sprague'),
( 11369, 'Courteney', 'Petrosino'),
( 11370, 'Kong-Cheng', 'Wong'),
( 11371, 'Victoria', 'Horrock'),
( 11372, 'Bryan', 'Lewis'),
( 11373, 'Ethan', 'Fallon'),
( 11374, 'Nicole', 'Eramo'),
( 11375, 'Stuart', 'Berr'),
( 11376, 'Nada', 'Basit'),
( 11377, 'Peter', 'Humphries'),
( 11378, 'Shawn', 'Lyons'),
( 11379, 'Francesca', 'Calamita'),
( 11380, 'Bradley', 'Lownsbury'),
( 11381, 'Elisabeth', 'Pleszkoch'),
( 11382, 'Paul', 'Freedman'),
( 11383, 'Brooke', 'Lehmann'),
( 11384, 'Christopher', 'Borchers'),
( 11385, 'Kimberly', 'Fields'),
( 11386, 'Joseph', 'Andrasko'),
( 11387, 'Vanessa', 'Guerra'),
( 11388, 'Yong', 'Woo'),
( 11389, 'Jason', 'Allen'),
( 11390, 'Olivia', 'Coleman'),
( 11391, 'Marc', 'Modica'),
( 11392, 'Marcos', 'Pires'),
( 11393, 'Farzad', 'Hassanzadeh'),
( 11394, 'John', 'Mason'),
( 11395, 'Heather', 'Zelle'),
( 11396, 'Conrad', 'Gosse'),
( 11397, 'Josipa', 'Roksa'),
( 11398, 'Jeremy', 'Foster'),
( 11399, 'Allan', 'Stam'),
( 11400, 'Laurel', 'Geis'),
( 11401, 'Tracy', 'Missett'),
( 11402, 'Sarah', 'Stephenson'),
( 11403, 'Deborah', 'Rexrode'),
( 11404, 'Bilal', 'Humeidan'),
( 11405, 'Suzanne', 'Wentworth'),
( 11406, 'Gerald', 'Warburg'),
( 11407, 'Sergei', 'Egorov'),
( 11408, 'Clareen', 'Wiencek'),
( 11409, 'Douglas', 'Taylor'),
( 11410, 'Lara', 'Myers'),
( 11411, 'Filippo', 'Mazzoli'),
( 11412, 'Leland', 'Farmer'),
( 11413, 'Teresa', 'Sullivan'),
( 11414, 'Charles', 'Holt'),
( 11415, 'Emily', 'Ogden'),
( 11416, 'Diana', 'Vaman'),
( 11417, 'Kathryn', 'Zeanah'),
( 11418, 'Lesley', 'Winchester'),
( 11419, 'Gerald', 'Clore'),
( 11420, 'Ala', 'Abdelbaki'),
( 11421, 'Alexandra', 'Silverman'),
( 11422, 'Kathryn', 'Boudouris'),
( 11423, 'Jeanne', 'Alhusen'),
( 11424, 'Sonal', 'Pandya'),
( 11425, 'Michael', 'Nolde'),
( 11426, 'Andrew', 'Johnston'),
( 11427, 'Barbara', 'Millar'),
( 11428, 'Michael', 'Fontaine'),
( 11429, 'Arthur', 'Lichtenberger'),
( 11430, 'Bradley', 'Pasanek'),
( 11431, 'Sara', 'Riggs'),
( 11432, 'Christopher', 'Bacon'),
( 11433, 'Zhaohui', 'Chen'),
( 11434, 'Chiraag', 'Mittal'),
( 11435, 'Eugene', 'Kolomeisky'),
( 11436, 'Vanessa', 'Ochs'),
( 11437, 'Jennifer', 'Tsien'),
( 11438, 'Luke', 'Miller'),
( 11439, 'Nathan', 'Adams'),
( 11440, 'Alev', 'Erisir'),
( 11441, 'Daniel', 'Pollitt'),
( 11442, 'Suchitra', 'Joshi'),
( 11443, 'Gabriela', 'Arevalo'),
( 11444, 'Amanda', 'Cheetham'),
( 11445, 'Jennifer', 'Burnsed'),
( 11446, 'Quinn', 'Curtis'),
( 11447, 'Daniel', 'Gingerich'),
( 11448, 'Monica', 'Hehir'),
( 11449, 'Mira', 'Williams'),
( 11450, 'Adam', 'Carter'),
( 11451, 'Gil', 'Siegal'),
( 11452, 'John', 'IV'),
( 11453, 'Benton', 'Calhoun'),
( 11454, 'Gaurav', 'Giri'),
( 11455, 'Thomas', 'Steenburgh'),
( 11456, 'Thomas', 'Horton'),
( 11457, 'Marie', 'Ratliff-Black'),
( 11458, 'Janis', 'Antonovics'),
( 11459, 'Colleen', 'ONeil'),
( 11460, 'Tonya', 'Moon'),
( 11461, 'Cody', 'Halquist'),
( 11462, 'Thomas', 'Seabrook'),
( 11463, 'Melissa', 'Sullivan'),
( 11464, 'Connie', 'Smith'),
( 11465, 'Kathryn', 'Babineau'),
( 11466, 'Sebastian', 'Elbaum'),
( 11467, 'Jonathan', 'Ramsey'),
( 11468, 'Bidhan', 'Parmar'),
( 11469, 'Noah', 'Myung'),
( 11470, 'Mark', 'Williams'),
( 11471, 'Vivek', 'Mukundan'),
( 11472, 'Richard', 'Ross'),
( 11473, 'Tariq', 'Iqbal'),
( 11474, 'Emily', 'Burrill'),
( 11475, 'Per', 'Sederberg'),
( 11476, 'Carter', 'Doyle'),
( 11477, 'Ines', 'Robles'),
( 11478, 'Erica', 'Cobb'),
( 11479, 'Peter', 'Moench'),
( 11480, 'Deborah', 'Roach'),
( 11481, 'Dale', 'Copeland'),
( 11482, 'Nana', 'Last'),
( 11483, 'Allison', 'Bigelow'),
( 11484, 'Jie', 'Sun'),
( 11485, 'Leonard', 'Schoppa'),
( 11486, 'Jean', 'Eby'),
( 11487, 'Deborah', 'Hellman'),
( 11488, 'Liheng', 'Cai'),
( 11489, 'Wilfred', 'Coyoca'),
( 11490, 'Andrew', 'Wilson'),
( 11491, 'Tai', 'Melcher'),
( 11492, 'Carolyn', 'Johnson'),
( 11493, 'Brian', 'Wright'),
( 11494, 'Kathryn', 'Schroeder'),
( 11495, 'Marty', 'Mayo'),
( 11496, 'Matthew', 'Pryal'),
( 11497, 'Tomoko', 'Marshall'),
( 11498, 'Karlin', 'Luedtke'),
( 11499, 'Patricia', 'Higgins'),
( 11500, 'Seung-Hun', 'Lee'),
( 11501, 'Farzad', 'Dizaji'),
( 11502, 'Rhonda', 'Jennings-Arey'),
( 11503, 'Robert', 'Johnson'),
( 11504, 'Michael', 'Palmer'),
( 11505, 'Karen', 'Myers'),
( 11506, 'Charlotte', 'Patterson'),
( 11507, 'Briana', 'Morrison'),
( 11508, 'Bernard', 'Thisse'),
( 11509, 'John', 'Lukens'),
( 11510, 'Christa', 'Dierksheide'),
( 11511, 'Santarvis', 'Brown'),
( 11512, 'Susan', 'Thacker-Gwaltney'),
( 11513, 'Jerrold', 'Floro'),
( 11514, 'Charles', 'Barzun'),
( 11515, 'Evan', 'Pivonka'),
( 11516, 'James', 'III'),
( 11517, 'Lisa', 'Woolfork'),
( 11518, 'Ethan', 'Heil'),
( 11519, 'Panagiotis', 'Apostolellis'),
( 11520, 'Daniel', 'Reifsnyder'),
( 11521, 'Anna', 'Gomboeva'),
( 11522, 'Jorge', 'Secada'),
( 11523, 'Mark', 'Beenhakker'),
( 11524, 'Bellave', 'Shivaram'),
( 11525, 'Simonetta', 'Liuti'),
( 11526, 'Dana', 'Elzey'),
( 11527, 'Jennifer', 'Bair'),
( 11528, 'Marisa', 'Williamson'),
( 11529, 'Jackson', 'Taylor'),
( 11530, 'Allison', 'Anderson'),
( 11531, 'Elizabeth', 'Flood'),
( 11532, 'Barbara', 'Moore'),
( 11533, 'Jeff', 'Crandall'),
( 11534, 'Jason', 'Baum'),
( 11535, 'Takuya', 'Ito'),
( 11536, 'Peter', 'Tuerk'),
( 11537, 'Jon', 'Lendon'),
( 11538, 'Benjamin', 'Sachs'),
( 11539, 'Jennifer', 'Kwon'),
( 11540, 'Adema', 'Ribic'),
( 11541, 'Gary', 'Koenig'),
( 11542, 'Eve', 'Danziger'),
( 11543, 'Tamika', 'Carey'),
( 11544, 'Maria', 'Westerfield'),
( 11545, 'Julian', 'Heeck'),
( 11546, 'Savannah', 'Richey'),
( 11547, 'John', 'Nemec'),
( 11548, 'Denise', 'Walsh'),
( 11549, 'Cheryll', 'Adams'),
( 11550, 'Allison', 'James'),
( 11551, 'Kai', 'Parker'),
( 11552, 'Dylan', 'Rogers'),
( 11553, 'Saurabh', 'Kulkarni'),
( 11554, 'Julie', 'Roebuck'),
( 11555, 'Michael', 'Hull'),
( 11556, 'Michelle', 'Beavers'),
( 11557, 'Lilian', 'Feitosa'),
( 11558, 'Sara', 'Hallowell'),
( 11559, 'David', 'Lehman'),
( 11560, 'Kiran', 'Chittargi'),
( 11561, 'James', 'Coan'),
( 11562, 'Pamela', 'Nicholas-Hoff'),
( 11563, 'Matthew', 'Hedstrom'),
( 11564, 'Noel', 'Lobley'),
( 11565, 'Madhur', 'Behl'),
( 11566, 'Elliott', 'Tackitt'),
( 11567, 'Paul', 'Stephan'),
( 11568, 'Ryan', 'Richards'),
( 11569, 'Lisa', 'Reilly'),
( 11570, 'Jennifer', 'Winchel'),
( 11571, 'Elizabeth', 'Varon'),
( 11572, 'Michelle', 'Maggiore'),
( 11573, 'Peter', 'Johannessen'),
( 11574, 'Daniel', 'Colon'),
( 11575, 'Colby', 'Hall'),
( 11576, 'Kristen', 'Wells'),
( 11577, 'Carolyn', 'Callahan'),
( 11578, 'Michael', 'Allen'),
( 11579, 'Zoran', 'Grujic'),
( 11580, 'Brenda', 'Patterson'),
( 11581, 'Ye', 'Sun'),
( 11582, 'Hilary', 'Bart-Smith'),
( 11583, 'Jennifer', 'Givens'),
( 11584, 'Todd', 'Sechser'),
( 11585, 'Julie', 'Haizlip'),
( 11586, 'Alison', 'Levine'),
( 11587, 'Erik', 'Aliff'),
( 11588, 'Carol', 'Maxwell-Thompson'),
( 11589, 'Natasha', 'Heny'),
( 11590, 'Stanley', 'Trent'),
( 11591, 'Peter', 'Maillet'),
( 11592, 'Song', 'Hu'),
( 11593, 'Preston', 'IV'),
( 11594, 'Peter', 'Kaufman'),
( 11595, 'Erin', 'Eaker'),
( 11596, 'Benjamin', 'Nussbaum'),
( 11597, 'Xiaoli', 'Yuan'),
( 11598, 'Richard', 'Will'),
( 11599, 'Judy', 'Fox'),
( 11600, 'Mark', 'Erath'),
( 11601, 'Timothy', 'Bastian'),
( 11602, 'Karen', 'James'),
( 11603, 'Lanfei', 'Shi'),
( 11604, 'Ali', 'Guler'),
( 11605, 'Adrian', 'Halme'),
( 11606, 'Guadalupe', 'Pinto'),
( 11607, 'Domale', 'Keys'),
( 11608, 'Paul', 'Martin'),
( 11609, 'Maryam', 'Zehtabi'),
( 11610, 'Amy', 'Matthews'),
( 11611, 'Robert', 'OConnell'),
( 11612, 'Karen', 'Hirschi'),
( 11613, 'Hiromi', 'Kaneda'),
( 11614, 'Gizem', 'Korkmaz'),
( 11615, 'Anne', 'Ryan'),
( 11616, 'Clifford', 'Haury'),
( 11617, 'Herman', 'Schwartz'),
( 11618, 'Barbara', 'Armacost'),
( 11619, 'Andrew', 'Mondschein'),
( 11620, 'Kinda', 'Hachem'),
( 11621, 'Edgar', 'Olsen'),
( 11622, 'Gordon', 'Graham'),
( 11623, 'John', 'Lach'),
( 11624, 'Baishakhi', 'Ray'),
( 11625, 'James', 'Nataro'),
( 11626, 'Hui', 'Li'),
( 11627, 'Luca', 'Cian'),
( 11628, 'Jennie', 'Grammer'),
( 11629, 'Jennifer', 'Rubenstein'),
( 11630, 'Thomas', 'Barker'),
( 11631, 'Rui', 'Wang'),
( 11632, 'Earl', 'Mark'),
( 11633, 'Christopher', 'Burtner'),
( 11634, 'Laura', 'Goldblatt'),
( 11635, 'Melissa', 'Little'),
( 11636, 'Manuel', 'Esteve'),
( 11637, 'Sherri', 'Moore'),
( 11638, 'Lois', 'Shepherd'),
( 11639, 'Amanda', 'Flora'),
( 11640, 'Elisabeth', 'Casey'),
( 11641, 'Karen', 'Parshall'),
( 11642, 'Kevin', 'Jackson'),
( 11643, 'Melanie', 'Falls'),
( 11644, 'Jason', 'Jones'),
( 11645, 'William', 'Johnson'),
( 11646, 'Daniel', 'James'),
( 11647, 'David', 'Storm'),
( 11648, 'Shiqiao', 'Li'),
( 11649, 'Cong', 'Shen'),
( 11650, 'Andreas', 'Addison'),
( 11651, 'Germain', 'Badang'),
( 11652, 'Matthew', 'OMalley'),
( 11653, 'Erich', 'Purpur'),
( 11654, 'Elizabeth', 'Meyer'),
( 11655, 'Nathaniel', 'Lee'),
( 11656, 'Adam', 'Tashman'),
( 11657, 'Andrew', 'Jr.'),
( 11658, 'Megan', 'Flick'),
( 11659, 'Roger', 'Fittro'),
( 11660, 'Israel', 'Klich'),
( 11661, 'Yuan', 'Tian'),
( 11662, 'Barry', 'Horowitz'),
( 11663, 'Yanjun', 'Qi'),
( 11664, 'Ira', 'Harris'),
( 11665, 'Ian', 'McCready-Flora'),
( 11666, 'Chi', 'Kim'),
( 11667, 'Stewart', 'Roberson'),
( 11668, 'William', 'Little'),
( 11669, 'James', 'Savage'),
( 11670, 'Robert', 'III'),
( 11671, 'Sophie', 'Trawalter'),
( 11672, 'Kyong', 'Choi'),
( 11673, 'Brian', 'Vella'),
( 11674, 'Richard', 'Jacques'),
( 11675, 'George', 'Bloom'),
( 11676, 'Neal', 'Magee'),
( 11677, 'Thomas', 'Pinckney'),
( 11678, 'Jennie', 'Moody'),
( 11679, 'Ben', 'Mayes'),
( 11680, 'Chris', 'Paolucci'),
( 11681, 'Robert', 'Leffers'),
( 11682, 'Diana', 'Morris'),
( 11683, 'Tianhao', 'Wang'),
( 11684, 'Alexia', 'Morrison'),
( 11685, 'Kevin', 'Sullivan'),
( 11686, 'Vincent', 'Baxter'),
( 11687, 'Robert', 'Ferguson'),
( 11688, 'Meghan', 'Mattos'),
( 11689, 'Quanquan', 'Gu'),
( 11690, 'Gerald', 'Starsia'),
( 11691, 'Schuyler', 'Wong'),
( 11692, 'Carolyn', 'Miles'),
( 11693, 'Jamie', 'Leonard'),
( 11694, 'Elizabeth', 'Alexander'),
( 11695, 'Marie-Louise', 'Hammarskjold'),
( 11696, 'Harvey', 'Hutchinson'),
( 11697, 'Golam', 'Mohi'),
( 11698, 'Christopher', 'Hulleman'),
( 11699, 'Edward', 'III'),
( 11700, 'Dan', 'Spitzner'),
( 11701, 'Brian', 'Parshall'),
( 11702, 'Phoebe', 'Crisman'),
( 11703, 'Elizabeth', 'Schoyer'),
( 11704, 'Yingyao', 'Wang'),
( 11705, 'Roger', 'Kimmel'),
( 11706, 'Donald', 'Griffin'),
( 11707, 'Peter', 'Berg'),
( 11708, 'Kathleen', 'Straight'),
( 11709, 'Curtis', 'Stowers'),
( 11710, 'Kent', 'Wayland'),
( 11711, 'Ashley', 'Deeks'),
( 11712, 'Jeffrey', 'Mangum'),
( 11713, 'Ekaterina', 'Makarova'),
( 11714, 'Charlotte', 'Rogers'),
( 11715, 'Timothy', 'Rambo'),
( 11716, 'Gaurang', 'Gulati'),
( 11717, 'Dean', 'Kedes'),
( 11718, 'Leonard', 'Grissom'),
( 11719, 'Jonathan', 'Kipnis'),
( 11720, 'John', 'Stankovic'),
( 11721, 'Robert', 'Carraway'),
( 11722, 'Lean', 'Sweeney'),
( 11723, 'David', 'Flood'),
( 11724, 'Christian', 'Hellings'),
( 11725, 'John', 'IV'),
( 11726, 'Zaida', 'Garcia'),
( 11727, 'Abha', 'Basargekar'),
( 11728, 'Victor', 'Luftig'),
( 11729, 'Aaron', 'Pannone'),
( 11730, 'Aimee', 'Holleb'),
( 11731, 'Max', 'Castorani'),
( 11732, 'Anita', 'Heisterman'),
( 11733, 'Meghan', 'Murray'),
( 11734, 'Prasanna', 'Balachandran'),
( 11735, 'Shaune', 'Mckinnon'),
( 11736, 'Yuh-Hwa', 'Wang'),
( 11737, 'Andrea', 'Press'),
( 11738, 'Rachel', 'Alexander'),
( 11739, 'Abhi', 'Shelat'),
( 11740, 'David', 'Wu'),
( 11741, 'Keyman', 'Kim'),
( 11742, 'Jeffrey', 'Decker'),
( 11743, 'Bryant', 'Beadles'),
( 11744, 'Denise', 'Stewart'),
( 11745, 'Allison', 'Atteberry'),
( 11746, 'David', 'Chen'),
( 11747, 'Kenneth', 'Kim'),
( 11748, 'Sibylle', 'Kranz'),
( 11749, 'Petr', 'Tvrdik'),
( 11750, 'Alison', 'Nagel'),
( 11751, 'Caroline', 'Janney'),
( 11752, 'Kenrick', 'Grandison'),
( 11753, 'Talbot', 'Brewer'),
( 11754, 'Suprateek', 'Sarker'),
( 11755, 'Sarah', 'Shalf'),
( 11756, 'Tanya', 'Thomas'),
( 11757, 'Daniel', 'Abebayehu'),
( 11758, 'Ellen', 'Searcy'),
( 11759, 'Charles', 'Mathewes'),
( 11760, 'Anna', 'Eisenstein'),
( 11761, 'Jason', 'Dugas'),
( 11762, 'Ginger', 'Papelis'),
( 11763, 'Sarah', 'Dodge'),
( 11764, 'Weibin', 'Shi'),
( 11765, 'Jundong', 'Li'),
( 11766, 'Jimmy', 'Ardiansyah'),
( 11767, 'Matthew', 'Henderson'),
( 11768, 'Gabrielle', 'Adams'),
( 11769, 'Larry', 'Borish'),
( 11770, 'Edmund', 'III'),
( 11771, 'Linda', 'Edenfield'),
( 11772, 'Ronald', 'Livingston'),
( 11773, 'Natasha', 'Sheybani'),
( 11774, 'Nichole', 'Flores'),
( 11775, 'Samantha', 'Wallace'),
( 11776, 'Charlotte', 'Blain'),
( 11777, 'Amy', 'Boitnott'),
( 11778, 'Cynthia', 'Nicoletti'),
( 11779, 'Michael', 'Smith'),
( 11780, 'Lee', 'Coppock'),
( 11781, 'Abby', 'Fines'),
( 11782, 'Kristen', 'Ferrer'),
( 11783, 'Michael', 'Momot'),
( 11784, 'Crystal', 'Brogan'),
( 11785, 'Jaronda', 'Miller-Bryant'),
( 11786, 'Rachel', 'Geer'),
( 11787, 'Sonam', 'Kachru'),
( 11788, 'Sandip', 'Sukhtankar'),
( 11789, 'Caroline', 'Klosko'),
( 11790, 'Steven', 'Peterson'),
( 11791, 'Gordon', 'Leibowitz'),
( 11792, 'Lindsay', 'Burden'),
( 11793, 'Tao', 'Sun'),
( 11794, 'Theresa', 'Carroll'),
( 11795, 'Justin', 'Mcbrien'),
( 11796, 'Gabrielle', 'Murphy'),
( 11797, 'Hongning', 'Wang'),
( 11798, 'Albert', 'Rivero'),
( 11799, 'Youmi', 'Suk'),
( 11800, 'Jennifer', 'Chiu'),
( 11801, 'Lyangela', 'Gutierrez'),
( 11802, 'Brian', 'Annex'),
( 11803, 'Krista', 'Varanyak'),
( 11804, 'Laura', 'Galloway'),
( 11805, 'Ruth', 'Mason'),
( 11806, 'Samuel', 'Amago'),
( 11807, 'Brent', 'Kitchens'),
( 11808, 'Jennifer', 'Roe'),
( 11809, 'Janay', 'Crabtree'),
( 11810, 'Stephen', 'Macko'),
( 11811, 'Debra', 'Nystrom'),
( 11812, 'Patrik', 'Sandas'),
( 11813, 'Brent', 'French'),
( 11814, 'Aswin', 'Punathambekar'),
( 11815, 'Kristin', 'Stolpe'),
( 11816, 'Melinda', 'Moran'),
( 11817, 'Elizabeth', 'Gorman'),
( 11818, 'Edmondo', 'Gerli'),
( 11819, 'Gabriel', 'Finder'),
( 11820, 'Elizabeth', 'Taliaferro-Jones'),
( 11821, 'L.', 'Haugh'),
( 11822, 'Donal', 'Day'),
( 11823, 'Keivan', 'Esfarjani'),
( 11824, 'Dallas', 'Hitt'),
( 11825, 'Ha', 'Byon'),
( 11826, 'Abdul', 'Nasir'),
( 11827, 'Ashish', 'Venkat'),
( 11828, 'Vyacheslav', 'Krushkal'),
( 11829, 'Gregory', 'Smith'),
( 11830, 'Katherine', 'Matthews'),
( 11831, 'Madhav', 'Marathe'),
( 11832, 'Erin', 'Horn'),
( 11833, 'Christina', 'Neuhaus'),
( 11834, 'Jeffrey', 'Holmes'),
( 11835, 'Juraj', 'Foldes'),
( 11836, 'Deborah', 'Parker'),
( 11837, 'Foteini', 'Kondyli'),
( 11838, 'Nicole', 'Thomas'),
( 11839, 'Mete', 'Civelek'),
( 11840, 'Christopher', 'Ruhm'),
( 11841, 'Elizabeth', 'Sharlow'),
( 11842, 'Haiying', 'Shen'),
( 11843, 'Lanice', 'Avery'),
( 11844, 'Samantha', 'Vann'),
( 11845, 'Claire', 'Chantell'),
( 11846, 'David', 'Jr.'),
( 11847, 'George', 'Klosko'),
( 11848, 'Gabrielle', 'Kruks-Wisner'),
( 11849, 'Bradley', 'Gelfand'),
( 11850, 'Martin', 'Davidson'),
( 11851, 'Allyson', 'Michaels'),
( 11852, 'Polina', 'Landgraf'),
( 11853, 'Christopher', 'Dictus'),
( 11854, 'Chongzhi', 'Zang'),
( 11855, 'Holly', 'Vradenburgh'),
( 11856, 'James', 'III'),
( 11857, 'Tong', 'Chen'),
( 11858, 'Sally', 'Pusede'),
( 11859, 'Andrew', 'Pennock'),
( 11860, 'Lukas', 'Tamm'),
( 11861, 'Erin', 'Knape'),
( 11862, 'Timothy', 'Robles'),
( 11863, 'Daniel', 'Graham'),
( 11864, 'Lysandra', 'Cook'),
( 11865, 'William', 'Wilcox'),
( 11866, 'John', 'Clifford'),
( 11867, 'Jessica', 'Walker'),
( 11868, 'Blaine', 'Norum'),
( 11869, 'John', 'Hott'),
( 11870, 'Timothy', 'Wilson'),
( 11871, 'Jeffrey', 'Grossman'),
( 11872, 'Fahad', 'Bishara'),
( 11873, 'Phillip', 'Trella'),
( 11874, 'Kun', 'Qing'),
( 11875, 'Gloria', 'Sheynkman'),
( 11876, 'Patricia', 'Jennings'),
( 11877, 'Alicia', 'Frantz'),
( 11878, 'Felipe', 'Saffie'),
( 11879, 'Luann', 'Lynch'),
( 11880, 'Ann', 'Plunkett'),
( 11881, 'Stanley', 'Stepanic'),
( 11882, 'Allison', 'Perkeybile'),
( 11883, 'Sean', 'Moore'),
( 11884, 'Rachel', 'Bayefsky'),
( 11885, 'Andrew', 'Masters'),
( 11886, 'Luke', 'Shimek'),
( 11887, 'Joseph', 'Moorman'),
( 11888, 'Douglas', 'Desimone'),
( 11889, 'Denis', 'Nekipelov'),
( 11890, 'Michaela', 'Lieberman'),
( 11891, 'Asmaha', 'Heddi'),
( 11892, 'Erik', 'Fredner'),
( 11893, 'Kathryn', 'Schetlick'),
( 11894, 'Bryn', 'Seabrook'),
( 11895, 'Mark', 'Yeager'),
( 11896, 'Robert', 'Parham'),
( 11897, 'Eric', 'Ramirez-Weaver'),
( 11898, 'Barbara', 'Venton'),
( 11899, 'Federico', 'Ciliberto'),
( 11900, 'John', 'Handel'),
( 11901, 'John', 'Cook'),
( 11902, 'David', 'Saavedra'),
( 11903, 'Wendy', 'Cohn'),
( 11904, 'Federico', 'Cuatlacuatl'),
( 11905, 'Melissa', 'Frost'),
( 11906, 'Andre', 'Cavalcante'),
( 11907, 'Michael', 'Guertin'),
( 11908, 'Heman', 'Shakeri'),
( 11909, 'Barbara', 'Spellman'),
( 11910, 'Jennifer', 'Guler'),
( 11911, 'Caleb', 'Nelson'),
( 11912, 'Vikram', 'Jaswal'),
( 11913, 'Sanda', 'Iliescu'),
( 11914, 'Fiona', 'Greenland'),
( 11915, 'Kerrie', 'Carfagno'),
( 11916, 'Virginia', 'Hart'),
( 11917, 'Joseph', 'Poon'),
( 11918, 'Peter', 'Belmi'),
( 11919, 'Sarah', 'Turner'),
( 11920, 'George', 'White'),
( 11921, 'Daniel', 'Gioeli'),
( 11922, 'Catherine', 'Brighton'),
( 11923, 'David', 'Corlett'),
( 11924, 'Khara', 'Turnbull'),
( 11925, 'Connie', 'Dunlop'),
( 11926, 'Rocco', 'Jr.'),
( 11927, 'Kevin', 'Smith'),
( 11928, 'Anthony', 'Spano'),
( 11929, 'Joseph', 'Allen'),
( 11930, 'Lester', 'Reid'),
( 11931, 'Victor', 'Engelhard'),
( 11932, 'Ulrike', 'Lorenz'),
( 11933, 'Daniel', 'Player'),
( 11934, 'Erik', 'Linstrum'),
( 11935, 'Marieke', 'Jones'),
( 11936, 'William', 'Pearson'),
( 11937, 'Andrew', 'McDowell'),
( 11938, 'Jamie', 'Jirout'),
( 11939, 'Mary', 'Marshall'),
( 11940, 'Amy', 'Walters'),
( 11941, 'Joy', 'Milligan'),
( 11942, 'Ran', 'Zhao'),
( 11943, 'Mark', 'Langlet'),
( 11944, 'Michael', 'Puri'),
( 11945, 'Lu', 'Feng'),
( 11946, 'Stephan', 'Wekker'),
( 11947, 'Julia', 'Taylor'),
( 11948, 'Dotan', 'Oliar'),
( 11949, 'Adam', 'Goldfarb'),
( 11950, 'David', 'Horton'),
( 11951, 'Noel', 'Montesa'),
( 11952, 'Siddhartha', 'Angadi'),
( 11953, 'James', 'Livingood'),
( 11954, 'Andrew', 'Frankel'),
( 11955, 'Bertrall', 'Ross'),
( 11956, 'Kenneth', 'Abraham'),
( 11957, 'Karl', 'Shuve'),
( 11958, 'Aynne', 'Kokas'),
( 11959, 'Davide', 'Tomio'),
( 11960, 'China', 'Scherz'),
( 11961, 'Donna', 'Bindig'),
( 11962, 'Mark', 'Sicoli'),
( 11963, 'Robert', 'Kelly'),
( 11964, 'Timothy', 'Davis'),
( 11965, 'Anne', 'Rotich'),
( 11966, 'Cecile', 'Rey'),
( 11967, 'Sheetal', 'Sekhri'),
( 11968, 'Philip', 'Zelikow'),
( 11969, 'Balashankar', 'Mulloth'),
( 11970, 'Edward', 'Murphy'),
( 11971, 'Gia-Wei', 'Chern'),
( 11972, 'Michael', 'Pace'),
( 11973, 'Ashley', 'Hurst'),
( 11974, 'Benjamín', 'Salado'),
( 11975, 'James', 'Darcy'),
( 11976, 'Avik', 'Ghosh'),
( 11977, 'Dennis', 'Yang'),
( 11978, 'Craig', 'Meyer'),
( 11979, 'Robert', 'Nakamoto'),
( 11980, 'Weaver', 'Gaines'),
( 11981, 'Richard', 'Kent'),
( 11982, 'Paul', 'Halliday'),
( 11983, 'Michael', 'Williams'),
( 11984, 'Julia', 'Spencer'),
( 11985, 'Jose', 'Provencio'),
( 11986, 'Glen', 'Bull'),
( 11987, 'Gaynell', 'Jr.'),
( 11988, 'Susan', 'Galloway'),
( 11989, 'Jacob', 'Resch'),
( 11990, 'Jessika', 'Bottiani'),
( 11991, 'Tomomi', 'Sato'),
( 11992, 'Stephen', 'Rich'),
( 11993, 'Kevin', 'Cope'),
( 11994, 'Vivian', 'Wong'),
( 11995, 'Bevin', 'Etienne'),
( 11996, 'William', 'Sherman'),
( 11997, 'Donald', 'Hunt'),
( 11998, 'Andrew', 'Dudley'),
( 11999, 'Mark', 'Thomas'),
( 12000, 'Amanda', 'Allen'),
( 12001, 'Avril', 'Somlyo'),
( 12002, 'Anil', 'Vullikanti'),
( 12003, 'Rider', 'Foley'),
( 12004, 'David', 'Meulen'),
( 12005, 'Matthew', 'Davis'),
( 12006, 'Andrew', 'Wicks'),
( 12007, 'Janet', 'Cross'),
( 12008, 'Shawn', 'Russell'),
( 12009, 'Thomas', 'Dilenge'),
( 12010, 'Christopher', 'Ali'),
( 12011, 'Sarah', 'Jenkins'),
( 12012, 'Matthew', 'Sanderson'),
( 12013, 'Justin', 'Kirkland'),
( 12014, 'Robin', 'Dripps'),
( 12015, 'Mona', 'Khafif'),
( 12016, 'Amanda', 'Crombie'),
( 12017, 'Heather', 'Ferris'),
( 12018, 'Daniel', 'Quinn'),
( 12019, 'Amanda', 'Nguyen'),
( 12020, 'Walter', 'Harman'),
( 12021, 'Kevin', 'Rose'),
( 12022, 'William', 'Olsen'),
( 12023, 'Teresa', 'Culver'),
( 12024, 'Crystal', 'Toll'),
( 12025, 'Byungkyu', 'Park'),
( 12026, 'Brendon', 'Cummiskey'),
( 12027, 'Carrie', 'Cowardin'),
( 12028, 'Adrian', 'Carson'),
( 12029, 'Aaron', 'Bloomfield'),
( 12030, 'John', 'Scully'),
( 12031, 'Wajih', 'Hassan'),
( 12032, 'Harry', 'Jr.'),
( 12033, 'John', 'Imbrie'),
( 12034, 'Joel', 'Hockensmith'),
( 12035, 'Antonette', 'Irving'),
( 12036, 'Julia', 'Bergner'),
( 12037, 'Robert', 'Patterson'),
( 12038, 'Irina', 'Kozlenkova'),
( 12039, 'Amy', 'Ogden'),
( 12040, 'Judith', 'Shatin'),
( 12041, 'Chloe', 'Hawkins'),
( 12042, 'Luke', 'Dahl'),
( 12043, 'Stephen', 'Patek'),
( 12044, 'Danielle', 'Bierzynski'),
( 12045, 'Kenneth', 'Elzinga'),
( 12046, 'Gary', 'Ballinger'),
( 12047, 'David', 'Getsy'),
( 12048, 'Manuela', 'Achilles'),
( 12049, 'Tyler', 'Williams'),
( 12050, 'Matthew', 'Seibert'),
( 12051, 'Alicia', 'Opere'),
( 12052, 'Rachel', 'Potter'),
( 12053, 'Kevin', 'Skadron'),
( 12054, 'Paige', 'Hornsby'),
( 12055, 'Christine', 'Appert'),
( 12056, 'Maureen', 'Metzger'),
( 12057, 'Xi', 'Yang'),
( 12058, 'Robert', 'Decker'),
( 12059, 'Beverly', 'Jewett'),
( 12060, 'Nicholas', 'Kuhn'),
( 12061, 'Manuel', 'Lerdau'),
( 12062, 'Mark', 'Mendelsohn'),
( 12063, 'William', 'Jr.'),
( 12064, 'Stefan', 'Baessler'),
( 12065, 'Jennifer', 'Lawless'),
( 12066, 'James', 'Zimring'),
( 12067, 'Ying', 'Gao'),
( 12068, 'Isaac', 'Rademacher'),
( 12069, 'Anthony', 'Jr.'),
( 12070, 'Elizabeth', 'Epstein'),
( 12071, 'Tanya', 'Evans'),
( 12072, 'Carolyn', 'Engelhard'),
( 12073, 'George', 'Andrews'),
( 12074, 'Heather', 'McDaniel'),
( 12075, 'Elizabeth', 'Friberg'),
( 12076, 'Leidy', 'Klotz'),
( 12077, 'Justene', 'Hill'),
( 12078, 'Mark', 'Hadley'),
( 12079, 'Shannon', 'Barker'),
( 12080, 'Jose', 'III'),
( 12081, 'Carol', 'Mershon'),
( 12082, 'Nicole', 'Long'),
( 12083, 'Tracy', 'Larson'),
( 12084, 'Marina', 'Ballesta'),
( 12085, 'Hui', 'Ma'),
( 12086, 'Anne', 'Meng'),
( 12087, 'Mary', 'Crandall'),
( 12088, 'Lisa', 'Peterson'),
( 12089, 'Ross', 'Cameron'),
( 12090, 'Jesse', 'Fleming'),
( 12091, 'Jason', 'Brewster'),
( 12092, 'Frederick', 'Damon'),
( 12093, 'Jonathan', 'Reichert'),
( 12094, 'Kwame', 'Akuamoah-Boateng'),
( 12095, 'Lucie', 'Stylianopoulos'),
( 12096, 'Lisa', 'Wentzel'),
( 12097, 'Joe', 'Webster'),
( 12098, 'H', 'Laycock'),
( 12099, 'Cory', 'Shaman'),
( 12100, 'Thatcher', 'Stone'),
( 12101, 'Aaron', 'Thompson'),
( 12102, 'Afsaneh', 'Doryab'),
( 12103, 'Derek', 'Holbert'),
( 12104, 'Maria', 'Kronenburg'),
( 12105, 'Bilal', 'Maanaki'),
( 12106, 'William', 'Soffa'),
( 12107, 'Richard', 'Netemeyer'),
( 12108, 'Gustavo', 'Rohde'),
( 12109, 'Eileen', 'Chou'),
( 12110, 'Elizabeth', 'Fowler'),
( 12111, 'Tarek', 'Abbas'),
( 12112, 'Katherine', 'MacDonald'),
( 12113, 'David', 'Kittlesen'),
( 12114, 'Robert', 'Vinson'),
( 12115, 'Petra', 'Reinke'),
( 12116, 'Roberta', 'Gentry'),
( 12117, 'Jazmin', 'Brown-Iannuzzi'),
( 12118, 'Zachary', 'Irving'),
( 12119, 'Brenden', 'Shannon'),
( 12120, 'Eric', 'Negangard'),
( 12121, 'James', 'III'),
( 12122, 'Julie', 'Gray'),
( 12123, 'Leon', 'Hutton'),
( 12124, 'Diane', 'Hoffman'),
( 12125, 'Tracy', 'Kelly'),
( 12126, 'Edward', 'Perez-Reyes'),
( 12127, 'Kimberly', 'Mata'),
( 12128, 'Andrew', 'Kahrl'),
( 12129, 'Ji', 'Ma'),
( 12130, 'William', 'Yates'),
( 12131, 'Daphna', 'Bassok'),
( 12132, 'James', 'Ceaser'),
( 12133, 'Annika', 'Westermann'),
( 12134, 'D.', 'Whittle'),
( 12135, 'Byron', 'Wine'),
( 12136, 'Prince', 'Afriyie'),
( 12137, 'Muhammad', 'Safdar'),
( 12138, 'Kathryn', 'Neeley'),
( 12139, 'Anna', 'Cliffe'),
( 12140, 'Kenneth', 'Brayman'),
( 12141, 'Kyusang', 'Lee'),
( 12142, 'Jane', 'Alison'),
( 12143, 'Kim', 'Dube'),
( 12144, 'Steven', 'Johnson'),
( 12145, 'Emily', 'Scida'),
( 12146, 'Rachel', 'Kravetz'),
( 12147, 'William', 'Saslaw'),
( 12148, 'Alissa', 'Diamond'),
( 12149, 'Philip', 'Arras'),
( 12150, 'Nathan', 'Sheffield'),
( 12151, 'John', 'Dearth'),
( 12152, 'Kelly', 'Faglioni'),
( 12153, 'Jack', 'Chen'),
( 12154, 'Sudhanva', 'Gurumurthi'),
( 12155, 'Christine', 'Kluge'),
( 12156, 'Stephen', 'McDonnell'),
( 12157, 'Eric', 'Young'),
( 12158, 'Osman', 'Ozbulut'),
( 12159, 'Willis', 'Jenkins'),
( 12160, 'Ian', 'Mullins'),
( 12161, 'Cristian', 'Danna'),
( 12162, 'John', 'Jimenez'),
( 12163, 'Julia', 'Fontanilla'),
( 12164, 'Micah', 'Schwartzman'),
( 12165, 'Ann', 'Massey'),
( 12166, 'Kent', 'Paschke'),
( 12167, 'Johari', 'Harris'),
( 12168, 'Harsha', 'Chelliah'),
( 12169, 'Alexandria', 'Smith'),
( 12170, 'Jonah', 'Coe-Scharff'),
( 12171, 'Peter', 'Jr.'),
( 12172, 'Thomas', 'Mark'),
( 12173, 'Zachary', 'Bethune'),
( 12174, 'Ana', 'Fostel'),
( 12175, 'Stephen', 'Wilson'),
( 12176, 'Juan', 'Garibay'),
( 12177, 'Marc', 'Repiquet'),
( 12178, 'Michael', 'Rasbury'),
( 12179, 'Siva', 'Vaidhyanathan'),
( 12180, 'Sierra', 'Coronado'),
( 12181, 'John', 'Owen'),
( 12182, 'Sonali', 'Majumdar'),
( 12183, 'Abdeltawab', 'Hendawi'),
( 12184, 'Richard', 'Price'),
( 12185, 'Kate', 'Neff'),
( 12186, 'Peter', 'Norton'),
( 12187, 'Ken', 'Ono'),
( 12188, 'Danielle', 'Citron'),
( 12189, 'Mark', 'Pengitore'),
( 12190, 'Jarrett', 'Zigon'),
( 12191, 'Natasha', 'Ribeiro'),
( 12192, 'Shu-Chen', 'Chen'),
( 12193, 'Michael', 'Lincoln'),
( 12194, 'John', 'Hamilton'),
( 12195, 'Caitlin', 'Wylie'),
( 12196, 'Burton', 'Wilson'),
( 12197, 'Harold', 'Langsam'),
( 12198, 'Christina', 'Black'),
( 12199, 'Diane', 'Schnoor'),
( 12200, 'Scott', 'Gest'),
( 12201, 'Athena', 'Eastwood'),
( 12202, 'Edith', 'Clowes'),
( 12203, 'Kevin', 'Kordana'),
( 12204, 'Katrina', 'Debnam'),
( 12205, 'Kazlin', 'Mason'),
( 12206, 'Kelly', 'Peral'),
( 12207, 'Deforest', 'Jr.'),
( 12208, 'Christopher', 'Goyne'),
( 12209, 'Ian', 'Kalish'),
( 12210, 'Coleen', 'McNamara'),
( 12211, 'Michael', 'Rosensky'),
( 12212, 'Darryl', 'Brown'),
( 12213, 'Aidan', 'San'),
( 12214, 'Jane', 'Patrick'),
( 12215, 'Lyle', 'Solla-Yates'),
( 12216, 'Robert', 'Tai'),
( 12217, 'Justin', 'Mutter'),
( 12218, 'Amrisha', 'Vaish'),
( 12219, 'Giulia', 'Paoletti'),
( 12220, 'Peter', 'McKeen'),
( 12221, 'John', 'Bushweller'),
( 12222, 'Pavel', 'Chernyavskiy'),
( 12223, 'Ann', 'Reimers'),
( 12224, 'Edward', 'Miller'),
( 12225, 'Steven', 'Warner'),
( 12226, 'Richard', 'Westphal'),
( 12227, 'Stephanie', 'Stephens'),
( 12228, 'Kevin', 'Grise'),
( 12229, 'Holly', 'Maggiore'),
( 12230, 'Ronald', 'Jr.'),
( 12231, 'Jorge', 'Acua'),
( 12232, 'James', 'French'),
( 12233, 'Andrew', 'Hayashi'),
( 12234, 'Edmund', 'Kitch'),
( 12235, 'Dawn', 'Aziz'),
( 12236, 'Lucia', 'Phinney'),
( 12237, 'Nathan', 'Wendte'),
( 12238, 'Patricia', 'Wiberg'),
( 12239, 'Douglas', 'Bayliss'),
( 12240, 'Jeffrey', 'Olick'),
( 12241, 'John', 'Jr.'),
( 12242, 'Deborah', 'Stroman'),
( 12243, 'Lori', 'Morimoto'),
( 12244, 'Zhiyi', 'Zuo'),
( 12245, 'Meghan', 'Puglia'),
( 12246, 'Heather', 'Sorrell'),
( 12247, 'Stephanie', 'Morano'),
( 12248, 'Patrick', 'Cribben'),
( 12249, 'Rebecca', 'Pompano'),
( 12250, 'Adelaide', 'King'),
( 12251, 'Galen', 'Fountain'),
( 12252, 'Jessica', 'Sewell'),
( 12253, 'Jeffrey', 'Boichuk'),
( 12254, 'Christopher', 'Elliott'),
( 12255, 'Michael', 'Lyons'),
( 12256, 'Cynthia', 'Southard'),
( 12257, 'Cameron', 'Whitehouse'),
( 12258, 'George', 'Cohen'),
( 12259, 'Maureen', 'Boland'),
( 12260, 'Grady', 'IV'),
( 12261, 'Padakandla', 'Rao'),
( 12262, 'Marisa', 'Lemma'),
( 12263, 'Carol', 'Price'),
( 12264, 'Eyleen', 'ORourke'),
( 12265, 'Elena', 'Loutskina'),
( 12266, 'Cody', 'Fleming'),
( 12267, 'Andrew', 'Stauffer'),
( 12268, 'Megan', 'Marlatt'),
( 12269, 'Melissa', 'Love'),
( 12270, 'Sheisha', 'Kulkarni'),
( 12271, 'Lee', 'Johnson'),
( 12272, 'Richard', 'Hynes'),
( 12273, 'William', 'Levy'),
( 12274, 'Evangelos', 'Dimou'),
( 12275, 'Jason', 'Williamson'),
( 12276, 'John', 'Duffy'),
( 12277, 'Roger', 'Abounader'),
( 12278, 'Rita', 'Koganzon'),
( 12279, 'Jung-Bum', 'Shin'),
( 12280, 'Robert', 'Fatton'),
( 12281, 'Dimitrios', 'Diochnos'),
( 12282, 'Kristen', 'Broz'),
( 12283, 'Xiaozhu', 'Lin'),
( 12284, 'Marilyne', 'Stains'),
( 12285, 'Jon', 'Tupitza'),
( 12286, 'David', 'Cafiso'),
( 12287, 'Mark', 'Haskins'),
( 12288, 'Baoxing', 'Xu'),
( 12289, 'Thomas', 'Fountain'),
( 12290, 'James', 'Seitz'),
( 12291, 'Kimberly', 'Frankenfield'),
( 12292, 'Timothy', 'Allen'),
( 12293, 'Todd', 'Scanlon'),
( 12294, 'Giulio', 'Celotto'),
( 12295, 'Stephen', 'Murphy'),
( 12296, 'Gary', 'Owens'),
( 12297, 'Peter', 'Abramenko'),
( 12298, 'Devin', 'Harris'),
( 12299, 'R', 'Howell'),
( 12300, 'Adriana', 'Streifer'),
( 12301, 'Sneha', 'Patel'),
( 12302, 'Bonnie', 'Hagerman'),
( 12303, 'Matthew', 'Slaats'),
( 12304, 'Sean', 'Martin'),
( 12305, 'Marlon', 'Ross'),
( 12306, 'Geoffrey', 'Fox'),
( 12307, 'Mary', 'Frank'),
( 12308, 'Trenton', 'Merricks'),
( 12309, 'Daniel', 'Willingham'),
( 12310, 'Ethan', 'Novak'),
( 12311, 'Hui', 'Zong'),
( 12312, 'Carmen', 'Lamas'),
( 12313, 'Bryce', 'Paschal'),
( 12314, 'Edward', 'Kropp'),
( 12315, 'Barbara', 'Mann'),
( 12316, 'Robert', 'Emery'),
( 12317, 'Xu', 'Yi'),
( 12318, 'Herbert', 'Braun'),
( 12319, 'Sarah', 'Ratcliffe'),
( 12320, 'Sally', 'Hudson'),
( 12321, 'Lidia', 'Kosenkova'),
( 12322, 'Megan', 'Ryals'),
( 12323, 'Xiaowei', 'Lu'),
( 12324, 'Ayn', 'Balija'),
( 12325, 'Robert', 'Zack'),
( 12326, 'Raymond', 'Scheppach'),
( 12327, 'Jianhua', 'Cang'),
( 12328, 'Craig', 'Huneke'),
( 12329, 'Neal', 'Morgan'),
( 12330, 'Jane', 'Quenneville'),
( 12331, 'Jeffrey', 'Saucerman'),
( 12332, 'James', 'Scheuren'),
( 12333, 'Sheila', 'Crane'),
( 12334, 'Jennifer', 'Maeng'),
( 12335, 'Milton', 'Whitfield'),
( 12336, 'Jeffrey', 'Lovelace'),
( 12337, 'Chance', 'Luckey'),
( 12338, 'John', 'Echeverri-Gent'),
( 12339, 'Douglas', 'Mujeye'),
( 12340, 'Shan', 'Aman-Rana'),
( 12341, 'Kwon-Sik', 'Park'),
( 12342, 'Kelly', 'Hedrick'),
( 12343, 'Patrick', 'Tolan'),
( 12344, 'Michaela', 'DuBay'),
( 12345, 'Anthony', 'Corbeill'),
( 12346, 'Gustavo', 'Pellon'),
( 12347, 'Kathleen', 'Rea'),
( 12348, 'Devan', 'Ard'),
( 12349, 'Katelyn', 'Wood'),
( 12350, 'Derick', 'Williams'),
( 12351, 'Kevin', 'Everson'),
( 12352, 'Christa', 'Robbins'),
( 12353, 'Shigehiro', 'Oishi'),
( 12354, 'Rose', 'Buckelew'),
( 12355, 'Steven', 'Weinberger'),
( 12356, 'Lorin', 'Bobsin'),
( 12357, 'Christopher', 'Gratien'),
( 12358, 'Coulter', 'George'),
( 12359, 'Molly', 'Shadel'),
( 12360, 'Thomas', 'Denison'),
( 12361, 'Caleb', 'Jaffe'),
( 12362, 'Kirsten', 'Gelsdorf'),
( 12363, 'Ilsang', 'Yoon'),
( 12364, 'Andrew', 'Kloosterman'),
( 12365, 'Mohammed', 'Sawaie'),
( 12366, 'John', 'Setear'),
( 12367, 'Yonghwi', 'Kwon'),
( 12368, 'Tessa', 'Farmer'),
( 12369, 'Marianne', 'Kubik'),
( 12370, 'Maria', 'Moreno'),
( 12371, 'Michael', 'Porter'),
( 12372, 'Ann', 'Backof'),
( 12373, 'Karen', 'Ford'),
( 12374, 'Kyle', 'Schumann'),
( 12375, 'David', 'Herman'),
( 12376, 'Larycia', 'Hawkins'),
( 12377, 'Sandra', 'Seidel'),
( 12378, 'Lydia', 'Moyer'),
( 12379, 'Brian', 'Lagrange'),
( 12380, 'Laura', 'Serbulea'),
( 12381, 'Kathryn', 'Reid'),
( 12382, 'Mary', 'Smith'),
( 12383, 'Nadia', 'Lunardi'),
( 12384, 'Mohammad', 'Sichani'),
( 12385, 'Carl', 'Creutz'),
( 12386, 'Nhat', 'Nguyen'),
( 12387, 'Christopher', 'Yung'),
( 12388, 'Cathy', 'Hwang'),
( 12389, 'Randolph', 'Seibert'),
( 12390, 'David', 'Evans'),
( 12391, 'Hanadi', 'Al-Samman'),
( 12392, 'Christi', 'Lockwood'),
( 12393, 'Jordan', 'Rodu'),
( 12394, 'Steven', 'Majewski'),
( 12395, 'George', 'Rutherglen'),
( 12396, 'Heidi', 'Nobles'),
( 12397, 'Lara', 'Gastinger'),
( 12398, 'Catherine', 'Baritaud'),
( 12399, 'Christina', 'Mehrtens'),
( 12400, 'Mona', 'Zebarjadi'),
( 12401, 'Ricki', 'Gibbs'),
( 12402, 'Matthew', 'Demers'),
( 12403, 'Robyn', 'Walsh'),
( 12404, 'John', 'Hossack'),
( 12405, 'Katherine', 'Bateman'),
( 12406, 'Timothy', 'Laseter'),
( 12407, 'Ajay', 'Limaye'),
( 12408, 'Kenneth', 'Jr.'),
( 12409, 'Sarah', 'Lilly'),
( 12410, 'Noah', 'Salomon'),
( 12411, 'Pamela', 'DeGuzman'),
( 12412, 'Sarah', 'Betzer'),
( 12413, 'Anne', 'Kenworthy'),
( 12414, 'Haydn', 'Wadley'),
( 12415, 'Walter', 'Heinecke'),
( 12416, 'Nga', 'Trang'),
( 12417, 'Bruce', 'Corliss'),
( 12418, 'Wladek', 'Minor'),
( 12419, 'Dorothe', 'Bach'),
( 12420, 'Brian', 'Williams'),
( 12421, 'Isabelle', 'Derre'),
( 12422, 'Brian', 'Willis'),
( 12423, 'Mahshad', 'Mohit'),
( 12424, 'James', 'Burroughs'),
( 12425, 'Eric', 'Leeper'),
( 12426, 'Elizabeth', 'Hundt'),
( 12427, 'Thomas', 'Frampton'),
( 12428, 'Owen', 'Pornillos'),
( 12429, 'Kai-Wei', 'Chang'),
( 12430, 'Yvonne', 'Newberry'),
( 12431, 'Kyle', 'Haynes'),
( 12432, 'Herve', 'Agaisse'),
( 12433, 'Catherine', 'Dukes'),
( 12434, 'Dustin', 'Ciraco'),
( 12435, 'Linda', 'Blum'),
( 12436, 'Christine', 'Jacobs'),
( 12437, 'Susan', 'Saliba'),
( 12438, 'Michael', 'Luegering'),
( 12439, 'Nicholas', 'Hassell'),
( 12440, 'Harry', 'Jr.'),
( 12441, 'Ashon', 'Crawley'),
( 12442, 'Adele', 'Plunkett'),
( 12443, 'Howard', 'Epstein'),
( 12444, 'Melissa', 'Otoya'),
( 12445, 'Susan', 'Banks'),
( 12446, 'Tyler', 'Smith'),
( 12447, 'Timothy', 'Konold'),
( 12448, 'Sarah', 'Ewald'),
( 12449, 'Andreas', 'Beling'),
( 12450, 'Mark', 'Webb'),
( 12451, 'Richard', 'Carew'),
( 12452, 'Emily', 'Solari'),
( 12453, 'Melissa', 'Levy'),
( 12454, 'Tyler', 'Christesen'),
( 12455, 'Anna', 'Beecher'),
( 12456, 'Kevin', 'Welch'),
( 12457, 'Sharon', 'Bragg'),
( 12458, 'Erin', 'Kosteva'),
( 12459, 'Lucy', 'Bassett'),
( 12460, 'Maria', 'Rodriguez'),
( 12461, 'Elizabeth', 'Ozment'),
( 12462, 'Bridget', 'Hamre'),
( 12463, 'Elena', 'Tuerk'),
( 12464, 'Eric', 'Wincoop'),
( 12465, 'Monika', 'Abramenko'),
( 12466, 'Sara', 'Pirtle'),
( 12467, 'Zachary', 'Dahlke'),
( 12468, 'Janet', 'Horne'),
( 12469, 'Jillian', 'McGraw'),
( 12470, 'Henry', 'Skerritt'),
( 12471, 'Robert', 'Riggs'),
( 12472, 'Ruth', 'Bernheim'),
( 12473, 'Daniel', 'Weller'),
( 12474, 'Sonia', 'Alconini'),
( 12475, 'Michael', 'Jr.'),
( 12476, 'Justin', 'Hopkins'),
( 12477, 'Loren', 'Lomasky'),
( 12478, 'Chad', 'Ratliff'),
( 12479, 'Paul', 'Humphreys'),
( 12480, 'Angel', 'Parham'),
( 12481, 'Susan', 'Bruce'),
( 12482, 'Natasha', 'Smith'),
( 12483, 'Richard', 'Bradley'),
( 12484, 'Sarah', 'Roberts'),
( 12485, 'Bradley', 'Cantrell'),
( 12486, 'Lise', 'Dobrin'),
( 12487, 'Fred', 'Diehl'),
( 12488, 'Jennifer', 'Gelman'),
( 12489, 'Justin', 'Weinstock'),
( 12490, 'Jessica', 'Stern'),
( 12491, 'James', 'Harrigan'),
( 12492, 'Frederick', 'Schauer'),
( 12493, 'Mark', 'Okusa'),
( 12494, 'Holly', 'McLeod'),
( 12495, 'Edwin', 'Burton'),
( 12496, 'Kenneth', 'Starling'),
( 12497, 'Adam', 'Cohn'),
( 12498, 'Paul', 'Seaborn'),
( 12499, 'Edie', 'Barbero'),
( 12500, 'William', 'Scherer'),
( 12501, 'Helen', 'Min'),
( 12502, 'Justin', 'Mueller'),
( 12503, 'Eric', 'Coleman'),
( 12504, 'Haibo', 'Dong'),
( 12505, 'Yangfeng', 'Ji'),
( 12506, 'David', 'Strider'),
( 12507, 'Carol', 'Glover'),
( 12508, 'Benjamin', 'Hays'),
( 12509, 'Wendy', 'Smith'),
( 12510, 'Lisa', 'Speidel'),
( 12511, 'Ehsan', 'Baharlou'),
( 12512, 'Majed', 'Al-Ghandour'),
( 12513, 'Anthony', 'Smith'),
( 12514, 'Calista', 'Lyon'),
( 12515, 'David', 'Parichy'),
( 12516, 'Cynthia', 'Gasman'),
( 12517, 'Mehr', 'Farooqi'),
( 12518, 'Michael', 'Lee'),
( 12519, 'Rachel', 'Harmon'),
( 12520, 'Scott', 'Deveaux'),
( 12521, 'Mary', 'Cary'),
( 12522, 'Bruce', 'Holsinger'),
( 12523, 'Yuri', 'Urbanovich'),
( 12524, 'Claire', 'Lyu'),
( 12525, 'David', 'Singerman'),
( 12526, 'Janet', 'Herman'),
( 12527, 'Sanket', 'Korgaonkar'),
( 12528, 'Damon', 'DeVito'),
( 12529, 'Thomas', 'Haley'),
( 12530, 'Anthony', 'Arsali'),
( 12531, 'Tiffany', 'Graves'),
( 12532, 'Joshua', 'Alley'),
( 12533, 'Thomas', 'Nachbar'),
( 12534, 'Pamela', 'Beasley'),
( 12535, 'Xin', 'Tong'),
( 12536, 'Jennifer', 'Broyles'),
( 12537, 'Charles', 'Machan'),
( 12538, 'Brooke', 'Short'),
( 12539, 'Bradford', 'Campbell'),
( 12540, 'Jason', 'Lyman'),
( 12541, 'Jonathan', 'Holste'),
( 12542, 'Jacqueline', 'Doyle'),
( 12543, 'Richard', 'Jr.'),
( 12544, 'Jennifer', 'Wales'),
( 12545, 'Jennifer', 'Locasale-Crouch'),
( 12546, 'Houston', 'III'),
( 12547, 'Matthew', 'Bolton'),
( 12548, 'Francesca', 'Fiorani'),
( 12549, 'Young', 'Hou'),
( 12550, 'Harald', 'Sontheimer'),
( 12551, 'George', 'Geis'),
( 12552, 'Rafael', 'Alvarado'),
( 12553, 'Christopher', 'Colvin'),
( 12554, 'Ronald', 'Michener'),
( 12555, 'Thomas', 'Koberda'),
( 12556, 'Maher', 'Eshgi'),
( 12557, 'Jalane', 'Schmidt'),
( 12558, 'Jagdish', 'Kumar'),
( 12559, 'Ku-Lung', 'Hsu'),
( 12560, 'Allan', 'Megill'),
( 12561, 'Isaac', 'Mbiti'),
( 12562, 'Li', 'Jin'),
( 12563, 'Vivien', 'Chabalengula'),
( 12564, 'Donald', 'Brown'),
( 12565, 'Craig', 'Dill'),
( 12566, 'Sanja', 'Arandjelovic'),
( 12567, 'Peter', 'Beling'),
( 12568, 'Eamonn', 'Farrell'),
( 12569, 'Ishan', 'Williams'),
( 12570, 'Wendi', 'Dass'),
( 12571, 'Lawrence', 'Goedde'),
( 12572, 'Paul', 'Seidelmann'),
( 12573, 'Jonathan', 'Tan'),
( 12574, 'Ronald', 'Unnerstall'),
( 12575, 'Jessica', 'Kripalani'),
( 12576, 'Jill', 'Esquivel'),
( 12577, 'Jennifer', 'Sessions'),
( 12578, 'Kenneth', 'Crowther'),
( 12579, 'Craig', 'Sarazin'),
( 12580, 'Sasha', 'Rehm'),
( 12581, 'Daniel', 'Moy'),
( 12582, 'Richard', 'Evans')
;

INSERT INTO class ( classID, classCode, semester, year, professorID) 
VALUES (2031, 'CS1010001', 'Fall', 2022, ''),
(2032, 'CS1110001', 'Fall', 2022, 'Raymond Pettit'),
(2033, 'CS1110002', 'Fall', 2022, 'Briana Morrison'),
(2034, 'CS1110003', 'Fall', 2022, 'Raymond Pettit'),
(2035, 'CS1110004', 'Fall', 2022, 'Briana Morrison'),
(2036, 'CS1110101', 'Fall', 2022, 'Raymond Pettit'),
(2037, 'CS1110102', 'Fall', 2022, 'Raymond Pettit'),
(2038, 'CS1110103', 'Fall', 2022, 'Raymond Pettit'),
(2039, 'CS1110104', 'Fall', 2022, 'Raymond Pettit'),
(2040, 'CS1110105', 'Fall', 2022, 'Raymond Pettit'),
(2041, 'CS1110106', 'Fall', 2022, 'Raymond Pettit'),
(2042, 'CS1110107', 'Fall', 2022, 'Raymond Pettit'),
(2043, 'CS1110108', 'Fall', 2022, 'Raymond Pettit'),
(2044, 'CS1110109', 'Fall', 2022, 'Raymond Pettit'),
(2045, 'CS1110501', 'Fall', 2022, 'Victoria Luit'),
(2046, 'CS1111001', 'Fall', 2022, 'Panagiotis Apostolellis'),
(2047, 'CS1112001', 'Fall', 2022, 'James Cohoon'),
(2048, 'CS1501001', 'Fall', 2022, 'Geoffrey Fox'),
(2049, 'CS2100001', 'Fall', 2022, 'Thomas Horton'),
(2050, 'CS2100002', 'Fall', 2022, 'Derrick Stone'),
(2051, 'CS2100003', 'Fall', 2022, 'Nada Basit'),
(2052, 'CS2100004', 'Fall', 2022, ''),
(2053, 'CS2100101', 'Fall', 2022, 'Nada Basit'),
(2054, 'CS2100102', 'Fall', 2022, 'Nada Basit'),
(2055, 'CS2100103', 'Fall', 2022, 'Nada Basit'),
(2056, 'CS2100104', 'Fall', 2022, 'Nada Basit'),
(2057, 'CS2100105', 'Fall', 2022, 'Nada Basit'),
(2058, 'CS2100106', 'Fall', 2022, 'Nada Basit'),
(2059, 'CS2100501', 'Fall', 2022, 'Elizabeth Wellbeloved'),
(2060, 'CS2120001', 'Fall', 2022, 'Elizabeth Orrico'),
(2061, 'CS2120002', 'Fall', 2022, 'Kevin Sullivan'),
(2062, 'CS2120003', 'Fall', 2022, 'Elizabeth Orrico'),
(2063, 'CS2120004', 'Fall', 2022, 'Nathan Brunelle'),
(2064, 'CS2120501', 'Fall', 2022, 'Elizabeth Wellbeloved'),
(2065, 'CS2130001', 'Fall', 2022, 'John Hott'),
(2066, 'CS2130002', 'Fall', 2022, 'John Hott'),
(2067, 'CS2130101', 'Fall', 2022, ''),
(2068, 'CS2130102', 'Fall', 2022, ''),
(2069, 'CS2130103', 'Fall', 2022, ''),
(2070, 'CS2130104', 'Fall', 2022, ''),
(2071, 'CS2130105', 'Fall', 2022, ''),
(2072, 'CS2130106', 'Fall', 2022, ''),
(2073, 'CS2130501', 'Fall', 2022, 'Elizabeth Wellbeloved'),
(2074, 'CS2150001', 'Fall', 2022, 'Aaron Bloomfield'),
(2075, 'CS2150101', 'Fall', 2022, 'Aaron Bloomfield'),
(2076, 'CS2910001', 'Fall', 2022, 'Nada Basit'),
(2077, 'CS3100001', 'Fall', 2022, 'Mark Floryan'),
(2078, 'CS3100002', 'Fall', 2022, 'Mark Floryan'),
(2079, 'CS3102001', 'Fall', 2022, 'Nathan Brunelle'),
(2080, 'CS3130001', 'Fall', 2022, 'Luther Tychonievich'),
(2081, 'CS3130101', 'Fall', 2022, 'Luther Tychonievich'),
(2082, 'CS3130102', 'Fall', 2022, 'Luther Tychonievich'),
(2083, 'CS3140001', 'Fall', 2022, 'Paul McBurney'),
(2084, 'CS3140002', 'Fall', 2022, 'Nhat Nguyen'),
(2085, 'CS3205001', 'Fall', 2022, 'Panagiotis Apostolellis'),
(2086, 'CS3240001', 'Fall', 2022, 'Paul McBurney'),
(2087, 'CS3240002', 'Fall', 2022, 'Mark Sherriff'),
(2088, 'CS3240101', 'Fall', 2022, 'Mark Sherriff'),
(2089, 'CS3250001', 'Fall', 2022, 'Upsorn Praphamontripong'),
(2090, 'CS3330001', 'Fall', 2022, 'Charles Reiss'),
(2091, 'CS3330002', 'Fall', 2022, 'Charles Reiss'),
(2092, 'CS3330101', 'Fall', 2022, 'Charles Reiss'),
(2093, 'CS3330102', 'Fall', 2022, 'Charles Reiss'),
(2094, 'CS3330103', 'Fall', 2022, 'Charles Reiss'),
(2095, 'CS3330104', 'Fall', 2022, 'Charles Reiss'),
(2096, 'CS3330105', 'Fall', 2022, 'Charles Reiss'),
(2097, 'CS3330106', 'Fall', 2022, 'Charles Reiss'),
(2098, 'CS3330107', 'Fall', 2022, 'Charles Reiss'),
(2099, 'CS3330108', 'Fall', 2022, 'Charles Reiss'),
(2100, 'CS3330501', 'Fall', 2022, 'Victoria Luit'),
(2101, 'CS3710001', 'Fall', 2022, 'Angela Orebaugh'),
(2102, 'CS3710002', 'Fall', 2022, 'William Shand'),
(2103, 'CS4414001', 'Fall', 2022, 'Kevin Skadron'),
(2104, 'CS4414501', 'Fall', 2022, 'Victoria Luit'),
(2105, 'CS4501001', 'Fall', 2022, 'Yixin Sun'),
(2106, 'CS4501002', 'Fall', 2022, 'David Evans'),
(2107, 'CS4501003', 'Fall', 2022, 'Angela Orebaugh'),
(2108, 'CS4501004', 'Fall', 2022, 'Aaron Bloomfield'),
(2109, 'CS4501005', 'Fall', 2022, 'Sebastian Elbaum'),
(2110, 'CS4501006', 'Fall', 2022, 'Tianhao Wang'),
(2111, 'CS4501007', 'Fall', 2022, 'Miaomiao Zhang'),
(2112, 'CS4501008', 'Fall', 2022, 'Hongning Wang'),
(2113, 'CS4501009', 'Fall', 2022, 'Farzad Hassanzadeh'),
(2114, 'CS4620001', 'Fall', 2022, 'Matthew Dwyer'),
(2115, 'CS4630001', 'Fall', 2022, 'Wajih Hassan'),
(2116, 'CS4710001', 'Fall', 2022, 'Lu Feng'),
(2117, 'CS4720001', 'Fall', 2022, 'Mark Sherriff'),
(2118, 'CS4740001', 'Fall', 2022, 'Neal Magee'),
(2119, 'CS4750001', 'Fall', 2022, 'Upsorn Praphamontripong'),
(2120, 'CS4750002', 'Fall', 2022, ''),
(2121, 'CS4750501', 'Fall', 2022, 'Victoria Luit'),
(2122, 'CS4774001', 'Fall', 2022, 'Nhat Nguyen'),
(2123, 'CS4980001', 'Fall', 2022, 'David Wu'),
(2124, 'CS4980002', 'Fall', 2022, 'Haifeng Xu'),
(2125, 'CS4980003', 'Fall', 2022, 'Seongkook Heo'),
(2126, 'CS4980004', 'Fall', 2022, 'Daniel Graham'),
(2127, 'CS4980005', 'Fall', 2022, 'Jack Davidson'),
(2128, 'CS4980006', 'Fall', 2022, 'Mary Soffa'),
(2129, 'CS4980007', 'Fall', 2022, 'Aidong Zhang'),
(2130, 'CS4980008', 'Fall', 2022, 'Alfred Weaver'),
(2131, 'CS4980009', 'Fall', 2022, 'Yonghwi Kwon'),
(2132, 'CS4980010', 'Fall', 2022, 'Nhat Nguyen'),
(2133, 'CS4980011', 'Fall', 2022, 'David Evans'),
(2134, 'CS4980012', 'Fall', 2022, 'Madhav Marathe'),
(2135, 'CS4980013', 'Fall', 2022, 'James Cohoon'),
(2136, 'CS4980014', 'Fall', 2022, 'Rosanne Vrugtman'),
(2137, 'CS4980015', 'Fall', 2022, 'James Cohoon'),
(2138, 'CS4980016', 'Fall', 2022, 'James Cohoon'),
(2139, 'CS4980017', 'Fall', 2022, 'Aaron Bloomfield'),
(2140, 'CS4980018', 'Fall', 2022, 'Yuan Tian'),
(2141, 'CS4980019', 'Fall', 2022, 'Sebastian Elbaum'),
(2142, 'CS4980020', 'Fall', 2022, 'Madhur Behl'),
(2143, 'CS4980021', 'Fall', 2022, 'Mark Sherriff'),
(2144, 'CS4980022', 'Fall', 2022, 'Mark Floryan'),
(2145, 'CS4980023', 'Fall', 2022, 'Yanjun Qi'),
(2146, 'CS4980024', 'Fall', 2022, 'John Hott'),
(2147, 'CS4980025', 'Fall', 2022, 'James Cohoon'),
(2148, 'CS4980026', 'Fall', 2022, 'Nada Basit'),
(2149, 'CS4980027', 'Fall', 2022, 'Ashish Venkat'),
(2150, 'CS4980028', 'Fall', 2022, 'Nicola Bezzo'),
(2151, 'CS4980029', 'Fall', 2022, 'Kristen Naegle'),
(2152, 'CS4980030', 'Fall', 2022, 'Luther Tychonievich'),
(2153, 'CS4980031', 'Fall', 2022, 'Hongning Wang'),
(2154, 'CS4980032', 'Fall', 2022, 'Haiying Shen'),
(2155, 'CS4980033', 'Fall', 2022, 'Denis Nekipelov'),
(2156, 'CS4980034', 'Fall', 2022, 'Charles Reiss'),
(2157, 'CS4980035', 'Fall', 2022, 'Ahmed Ibrahim'),
(2158, 'CS4980036', 'Fall', 2022, 'Upsorn Praphamontripong'),
(2159, 'CS4980037', 'Fall', 2022, 'Baishakhi Ray'),
(2160, 'CS4980038', 'Fall', 2022, 'Lu Feng'),
(2161, 'CS4980039', 'Fall', 2022, 'Thomas Pinckney'),
(2162, 'CS4980040', 'Fall', 2022, 'Nathan Brunelle'),
(2163, 'CS4980041', 'Fall', 2022, 'Tariq Iqbal'),
(2164, 'CS4980042', 'Fall', 2022, 'Homa Alemzadeh'),
(2165, 'CS4980043', 'Fall', 2022, 'Jonathan Goodall'),
(2166, 'CS4980044', 'Fall', 2022, 'Afsaneh Doryab'),
(2167, 'CS4980045', 'Fall', 2022, 'Paul McBurney'),
(2168, 'CS4980046', 'Fall', 2022, 'Yangfeng Ji'),
(2169, 'CS4980047', 'Fall', 2022, 'Farzad Hassanzadeh'),
(2170, 'CS4980048', 'Fall', 2022, 'Xiaozhu Lin'),
(2171, 'CS4980049', 'Fall', 2022, 'Raymond Pettit'),
(2172, 'CS4980050', 'Fall', 2022, 'Elizabeth Orrico'),
(2173, 'CS4980051', 'Fall', 2022, 'Yixin Sun'),
(2174, 'CS4991001', 'Fall', 2022, 'Rosanne Vrugtman'),
(2175, 'CS4991002', 'Fall', 2022, 'Rosanne Vrugtman'),
(2176, 'CS4993001', 'Fall', 2022, 'Aaron Bloomfield'),
(2177, 'CS4993002', 'Fall', 2022, 'Mark Sherriff'),
(2178, 'CS4993003', 'Fall', 2022, 'Thomas Horton'),
(2179, 'CS4993004', 'Fall', 2022, 'Aidong Zhang'),
(2180, 'CS4993005', 'Fall', 2022, 'Anil Vullikanti'),
(2181, 'CS4993006', 'Fall', 2022, 'Madhav Marathe'),
(2182, 'CS4993007', 'Fall', 2022, 'Nicola Bezzo'),
(2183, 'CS4993008', 'Fall', 2022, 'Luther Tychonievich'),
(2184, 'CS4993009', 'Fall', 2022, 'David Evans'),
(2185, 'CS4993010', 'Fall', 2022, 'John Hott'),
(2186, 'CS4993011', 'Fall', 2022, 'Panagiotis Apostolellis'),
(2187, 'CS4993012', 'Fall', 2022, 'David Wu'),
(2188, 'CS4993013', 'Fall', 2022, 'Haifeng Xu'),
(2189, 'CS4993014', 'Fall', 2022, 'Seongkook Heo'),
(2190, 'CS4993015', 'Fall', 2022, 'Ashish Venkat'),
(2191, 'CS4993016', 'Fall', 2022, 'Daniel Graham'),
(2192, 'CS4993017', 'Fall', 2022, 'Jack Davidson'),
(2193, 'CS4993018', 'Fall', 2022, 'Yanjun Qi'),
(2194, 'CS4993019', 'Fall', 2022, 'Homa Alemzadeh'),
(2195, 'CS4993020', 'Fall', 2022, 'Madhur Behl'),
(2196, 'CS4993021', 'Fall', 2022, 'Bradford Campbell'),
(2197, 'CS4993022', 'Fall', 2022, 'Mark Floryan'),
(2198, 'CS4993023', 'Fall', 2022, 'Yonghwi Kwon'),
(2199, 'CS4993024', 'Fall', 2022, 'Nada Basit'),
(2200, 'CS4993025', 'Fall', 2022, 'Hongning Wang'),
(2201, 'CS4993026', 'Fall', 2022, 'Kristen Naegle'),
(2202, 'CS4993027', 'Fall', 2022, 'Denis Nekipelov'),
(2203, 'CS4993028', 'Fall', 2022, 'Tariq Iqbal'),
(2204, 'CS4993029', 'Fall', 2022, 'Afsaneh Doryab'),
(2205, 'CS4993030', 'Fall', 2022, 'Upsorn Praphamontripong'),
(2206, 'CS4993031', 'Fall', 2022, 'Yixin Sun'),
(2207, 'CS4993032', 'Fall', 2022, 'Samira Khan'),
(2208, 'CS4993033', 'Fall', 2022, 'Judy Fox'),
(2209, 'CS4993034', 'Fall', 2022, 'Haiying Shen'),
(2210, 'CS4993035', 'Fall', 2022, 'Yangfeng Ji'),
(2211, 'CS4993036', 'Fall', 2022, 'Jundong Li'),
(2212, 'CS4993037', 'Fall', 2022, 'Ahmed Ibrahim'),
(2213, 'CS4993038', 'Fall', 2022, 'James Cohoon'),
(2214, 'CS4993039', 'Fall', 2022, 'Lu Feng'),
(2215, 'CS4993040', 'Fall', 2022, 'Nathan Brunelle'),
(2216, 'CS4993041', 'Fall', 2022, 'Geoffrey Fox'),
(2217, 'CS4993042', 'Fall', 2022, 'Yuan Tian'),
(2218, 'CS4993043', 'Fall', 2022, 'Elizabeth Orrico'),
(2219, 'CS4993045', 'Fall', 2022, 'Jonathan Goodall'),
(2220, 'CS4993050', 'Fall', 2022, 'Sebastian Elbaum'),
(2221, 'CS4998001', 'Fall', 2022, 'David Evans'),
(2222, 'CS4998002', 'Fall', 2022, 'Yuan Tian'),
(2223, 'CS4998003', 'Fall', 2022, 'Panagiotis Apostolellis'),
(2224, 'CS4998004', 'Fall', 2022, 'Hongning Wang'),
(2225, 'CS4998005', 'Fall', 2022, 'John Hott'),
(2226, 'CS4998006', 'Fall', 2022, 'Daniel Graham'),
(2227, 'CS4998007', 'Fall', 2022, 'David Wu'),
(2228, 'CS4998008', 'Fall', 2022, 'Haifeng Xu'),
(2229, 'CS4998009', 'Fall', 2022, 'Seongkook Heo'),
(2230, 'CS4998010', 'Fall', 2022, 'Sebastian Elbaum'),
(2231, 'CS4998011', 'Fall', 2022, 'Ashish Venkat'),
(2232, 'CS4998012', 'Fall', 2022, 'Homa Alemzadeh'),
(2233, 'CS4998013', 'Fall', 2022, 'Yanjun Qi'),
(2234, 'CS4998014', 'Fall', 2022, 'Mark Sherriff'),
(2235, 'CS4998015', 'Fall', 2022, 'Madhav Marathe'),
(2236, 'CS4998016', 'Fall', 2022, 'Ku-Lung Hsu'),
(2237, 'CS4998017', 'Fall', 2022, 'Edmond Dukes'),
(2238, 'CS4998018', 'Fall', 2022, 'Mona Kasra'),
(2239, 'CS4998019', 'Fall', 2022, 'Tariq Iqbal'),
(2240, 'CS4998020', 'Fall', 2022, 'Gizem Korkmaz'),
(2241, 'CS4998021', 'Fall', 2022, 'Olivier Pfister'),
(2242, 'CS4998022', 'Fall', 2022, 'Nicola Bezzo'),
(2243, 'CS4998023', 'Fall', 2022, 'Kristen Naegle'),
(2244, 'CS4998024', 'Fall', 2022, 'Denis Nekipelov'),
(2245, 'CS4998025', 'Fall', 2022, 'Afsaneh Doryab'),
(2246, 'CS4998026', 'Fall', 2022, 'Judy Fox'),
(2247, 'CS4998027', 'Fall', 2022, 'Michele Claibourn'),
(2248, 'CS4998028', 'Fall', 2022, 'Nhat Nguyen'),
(2249, 'CS4998029', 'Fall', 2022, 'Panagiotis Apostolellis'),
(2250, 'CS5012001', 'Fall', 2022, 'Rafael Alvarado'),
(2251, 'CS5012002', 'Fall', 2022, 'Adam Tashman'),
(2252, 'CS6111001', 'Fall', 2022, 'Haiying Shen'),
(2253, 'CS6161001', 'Fall', 2022, 'Haifeng Xu'),
(2254, 'CS6190001', 'Fall', 2022, ''),
(2255, 'CS6316001', 'Fall', 2022, 'Aidong Zhang'),
(2256, 'CS6354001', 'Fall', 2022, 'Ashish Venkat'),
(2257, 'CS6501001', 'Fall', 2022, 'Seongkook Heo'),
(2258, 'CS6501002', 'Fall', 2022, 'Preston IV'),
(2259, 'CS6501003', 'Fall', 2022, 'Arsalan Heydarian'),
(2260, 'CS6501004', 'Fall', 2022, 'Afsaneh Doryab'),
(2261, 'CS6501005', 'Fall', 2022, 'Madhur Behl'),
(2262, 'CS6501006', 'Fall', 2022, ''),
(2263, 'CS6501007', 'Fall', 2022, ''),
(2264, 'CS6501008', 'Fall', 2022, 'Farzad Hassanzadeh'),
(2265, 'CS6501010', 'Fall', 2022, 'Miaomiao Zhang'),
(2266, 'CS6501012', 'Fall', 2022, 'Nicola Bezzo'),
(2267, 'CS6501013', 'Fall', 2022, 'Bradford Campbell'),
(2268, 'CS6501014', 'Fall', 2022, ''),
(2269, 'CS6501015', 'Fall', 2022, ''),
(2270, 'CS6762001', 'Fall', 2022, 'Xiaozhu Lin'),
(2271, 'CS6890001', 'Fall', 2022, 'Yuan Tian'),
(2272, 'CS6890002', 'Fall', 2022, 'Farzad Hassanzadeh'),
(2273, 'CS6890003', 'Fall', 2022, 'Madhav Marathe'),
(2274, 'CS6890004', 'Fall', 2022, 'David Evans'),
(2275, 'CS6890005', 'Fall', 2022, 'David Wu'),
(2276, 'CS6890006', 'Fall', 2022, 'Miaomiao Zhang'),
(2277, 'CS6890007', 'Fall', 2022, 'Quanquan Gu'),
(2278, 'CS6890008', 'Fall', 2022, 'Aidong Zhang'),
(2279, 'CS6890009', 'Fall', 2022, 'Haifeng Xu'),
(2280, 'CS6890010', 'Fall', 2022, 'Seongkook Heo'),
(2281, 'CS6890011', 'Fall', 2022, 'Sebastian Elbaum'),
(2282, 'CS6890012', 'Fall', 2022, 'Cameron Whitehouse'),
(2283, 'CS6890013', 'Fall', 2022, 'Ashish Venkat'),
(2284, 'CS6890014', 'Fall', 2022, 'Baishakhi Ray'),
(2285, 'CS6890015', 'Fall', 2022, 'Jack Davidson'),
(2286, 'CS6890016', 'Fall', 2022, 'Haiying Shen'),
(2287, 'CS6890017', 'Fall', 2022, 'Kevin Skadron'),
(2288, 'CS6890018', 'Fall', 2022, 'Homa Alemzadeh'),
(2289, 'CS6890019', 'Fall', 2022, 'John Stankovic'),
(2290, 'CS6890020', 'Fall', 2022, 'Kevin Sullivan'),
(2291, 'CS6890021', 'Fall', 2022, 'Hongning Wang'),
(2292, 'CS6890022', 'Fall', 2022, 'Alfred Weaver'),
(2293, 'CS6890023', 'Fall', 2022, 'James Cohoon'),
(2294, 'CS6890024', 'Fall', 2022, 'Lu Feng'),
(2295, 'CS6890025', 'Fall', 2022, 'Mohammad Mahmoody'),
(2296, 'CS6890026', 'Fall', 2022, 'Yanjun Qi'),
(2297, 'CS6890027', 'Fall', 2022, 'Madhur Behl'),
(2298, 'CS6890028', 'Fall', 2022, 'Charles Reiss'),
(2299, 'CS6890029', 'Fall', 2022, 'Michael Albert'),
(2300, 'CS6890030', 'Fall', 2022, 'Panagiotis Apostolellis'),
(2301, 'CS6890031', 'Fall', 2022, 'Nada Basit'),
(2302, 'CS6890032', 'Fall', 2022, 'Aaron Bloomfield'),
(2303, 'CS6890033', 'Fall', 2022, 'Nathan Brunelle'),
(2304, 'CS6890034', 'Fall', 2022, 'Bradford Campbell'),
(2305, 'CS6890035', 'Fall', 2022, 'Anil Vullikanti'),
(2306, 'CS6890036', 'Fall', 2022, 'Matthew Dwyer'),
(2307, 'CS6890037', 'Fall', 2022, 'Preston IV'),
(2308, 'CS6890038', 'Fall', 2022, 'Mark Floryan'),
(2309, 'CS6890039', 'Fall', 2022, 'Daniel Graham'),
(2310, 'CS6890040', 'Fall', 2022, 'Thomas Horton'),
(2311, 'CS6890041', 'Fall', 2022, 'John Hott'),
(2312, 'CS6890042', 'Fall', 2022, 'Ahmed Ibrahim'),
(2313, 'CS6890043', 'Fall', 2022, 'Yangfeng Ji'),
(2314, 'CS6890044', 'Fall', 2022, 'Samira Khan'),
(2315, 'CS6890045', 'Fall', 2022, 'Yonghwi Kwon'),
(2316, 'CS6890046', 'Fall', 2022, 'Jundong Li'),
(2317, 'CS6890047', 'Fall', 2022, 'Worthy Martin'),
(2318, 'CS6890048', 'Fall', 2022, 'Paul McBurney'),
(2319, 'CS6890049', 'Fall', 2022, 'Nhat Nguyen'),
(2320, 'CS6890050', 'Fall', 2022, 'Raymond Pettit'),
(2321, 'CS6890051', 'Fall', 2022, 'Thomas Pinckney'),
(2322, 'CS6890052', 'Fall', 2022, 'Upsorn Praphamontripong'),
(2323, 'CS6890053', 'Fall', 2022, 'Gabriel Robins'),
(2324, 'CS6890054', 'Fall', 2022, 'Mark Sherriff'),
(2325, 'CS6890055', 'Fall', 2022, 'Mary Soffa'),
(2326, 'CS6890056', 'Fall', 2022, 'Derrick Stone'),
(2327, 'CS6890057', 'Fall', 2022, 'Yixin Sun'),
(2328, 'CS6890058', 'Fall', 2022, 'Luther Tychonievich'),
(2329, 'CS6890059', 'Fall', 2022, 'Xiaozhu Lin'),
(2330, 'CS6993001', 'Fall', 2022, 'Homa Alemzadeh'),
(2331, 'CS7993001', 'Fall', 2022, 'Aidong Zhang'),
(2332, 'CS7993002', 'Fall', 2022, 'Anil Vullikanti'),
(2333, 'CS7993003', 'Fall', 2022, 'Kevin Skadron'),
(2334, 'CS7993004', 'Fall', 2022, 'Jack Davidson'),
(2335, 'CS7993005', 'Fall', 2022, 'Nada Basit'),
(2336, 'CS7993006', 'Fall', 2022, 'Madhav Marathe'),
(2337, 'CS7993007', 'Fall', 2022, 'John Hott'),
(2338, 'CS7993008', 'Fall', 2022, 'Lu Feng'),
(2339, 'CS7993009', 'Fall', 2022, 'Upsorn Praphamontripong'),
(2340, 'CS7993010', 'Fall', 2022, 'David Wu'),
(2341, 'CS7993011', 'Fall', 2022, 'Haifeng Xu'),
(2342, 'CS7993012', 'Fall', 2022, 'Samira Khan'),
(2343, 'CS7993013', 'Fall', 2022, 'Seongkook Heo'),
(2344, 'CS7993014', 'Fall', 2022, 'Sebastian Elbaum'),
(2345, 'CS7993015', 'Fall', 2022, 'Ashish Venkat'),
(2346, 'CS7993016', 'Fall', 2022, 'Homa Alemzadeh'),
(2347, 'CS7993017', 'Fall', 2022, 'Bradford Campbell'),
(2348, 'CS7993018', 'Fall', 2022, 'Jundong Li'),
(2349, 'CS7993019', 'Fall', 2022, 'Afsaneh Doryab'),
(2350, 'CS7993020', 'Fall', 2022, 'Madhur Behl'),
(2351, 'CS7993021', 'Fall', 2022, 'Judy Fox'),
(2352, 'CS7993022', 'Fall', 2022, 'Hongning Wang'),
(2353, 'CS7993023', 'Fall', 2022, 'Yanjun Qi'),
(2354, 'CS7993024', 'Fall', 2022, 'Haiying Shen'),
(2355, 'CS7993025', 'Fall', 2022, 'Yuan Tian'),
(2356, 'CS7993026', 'Fall', 2022, 'Yangfeng Ji'),
(2357, 'CS7993027', 'Fall', 2022, 'Yonghwi Kwon'),
(2358, 'CS7993028', 'Fall', 2022, 'Xiaozhu Lin'),
(2359, 'CS7993029', 'Fall', 2022, 'Kristen Naegle'),
(2360, 'CS7995001', 'Fall', 2022, 'David Wu'),
(2361, 'CS7995002', 'Fall', 2022, 'David Evans'),
(2362, 'CS7995003', 'Fall', 2022, 'Anil Vullikanti'),
(2363, 'CS7995004', 'Fall', 2022, 'Madhav Marathe'),
(2364, 'CS7995005', 'Fall', 2022, 'Haifeng Xu'),
(2365, 'CS7995006', 'Fall', 2022, 'Seongkook Heo'),
(2366, 'CS7995007', 'Fall', 2022, 'Sebastian Elbaum'),
(2367, 'CS7995008', 'Fall', 2022, 'Ashish Venkat'),
(2368, 'CS7995009', 'Fall', 2022, 'Nada Basit'),
(2369, 'CS7995010', 'Fall', 2022, 'Aidong Zhang'),
(2370, 'CS7995011', 'Fall', 2022, 'Baishakhi Ray'),
(2371, 'CS7995012', 'Fall', 2022, 'Homa Alemzadeh'),
(2372, 'CS7995013', 'Fall', 2022, 'John Stankovic'),
(2373, 'CS7995014', 'Fall', 2022, 'Nicola Bezzo'),
(2374, 'CS7995015', 'Fall', 2022, 'Afsaneh Doryab'),
(2375, 'CS7995016', 'Fall', 2022, 'Hongning Wang'),
(2376, 'CS7995017', 'Fall', 2022, 'Mark Sherriff'),
(2377, 'CS7995018', 'Fall', 2022, 'Mohammad Mahmoody'),
(2378, 'CS7995019', 'Fall', 2022, 'Madhur Behl'),
(2379, 'CS7995020', 'Fall', 2022, 'Yuan Tian'),
(2380, 'CS8501001', 'Fall', 2022, 'Yangfeng Ji'),
(2381, 'CS8897001', 'Fall', 2022, 'Jack Davidson'),
(2382, 'CS8897002', 'Fall', 2022, 'David Evans'),
(2383, 'CS8897003', 'Fall', 2022, 'James Cohoon'),
(2384, 'CS8897004', 'Fall', 2022, 'Connelly Barnes'),
(2385, 'CS8897005', 'Fall', 2022, 'Homa Alemzadeh'),
(2386, 'CS8897006', 'Fall', 2022, 'Kevin Skadron'),
(2387, 'CS8897007', 'Fall', 2022, 'Aidong Zhang'),
(2388, 'CS8897008', 'Fall', 2022, 'Yixin Sun'),
(2389, 'CS8897009', 'Fall', 2022, 'Baishakhi Ray'),
(2390, 'CS8897010', 'Fall', 2022, 'Aaron Bloomfield'),
(2391, 'CS8897011', 'Fall', 2022, 'Neal Magee'),
(2392, 'CS8897012', 'Fall', 2022, 'Kai-Wei Chang'),
(2393, 'CS8897013', 'Fall', 2022, 'Thomas Horton'),
(2394, 'CS8897014', 'Fall', 2022, 'Samira Khan'),
(2395, 'CS8897015', 'Fall', 2022, 'Bradford Campbell'),
(2396, 'CS8897016', 'Fall', 2022, 'Worthy Martin'),
(2397, 'CS8897017', 'Fall', 2022, 'Nada Basit'),
(2398, 'CS8897018', 'Fall', 2022, 'Gabriel Robins'),
(2399, 'CS8897019', 'Fall', 2022, 'Quanquan Gu'),
(2400, 'CS8897020', 'Fall', 2022, 'Mohammad Mahmoody'),
(2401, 'CS8897021', 'Fall', 2022, 'Kevin Sullivan'),
(2402, 'CS8897022', 'Fall', 2022, 'Alfred Weaver'),
(2403, 'CS8897023', 'Fall', 2022, 'Madhur Behl'),
(2404, 'CS8897024', 'Fall', 2022, 'Cameron Whitehouse'),
(2405, 'CS8897025', 'Fall', 2022, 'Mark Sherriff'),
(2406, 'CS8897026', 'Fall', 2022, 'Craig Dill'),
(2407, 'CS8897027', 'Fall', 2022, 'Kong-Cheng Wong'),
(2408, 'CS8897028', 'Fall', 2022, 'David Edwards'),
(2409, 'CS8897029', 'Fall', 2022, 'Hongning Wang'),
(2410, 'CS8897030', 'Fall', 2022, 'Mark Floryan'),
(2411, 'CS8897031', 'Fall', 2022, 'Luther Tychonievich'),
(2412, 'CS8897032', 'Fall', 2022, 'Yanjun Qi'),
(2413, 'CS8897033', 'Fall', 2022, 'Haiying Shen'),
(2414, 'CS8897034', 'Fall', 2022, 'Preston IV'),
(2415, 'CS8897035', 'Fall', 2022, 'Charles Reiss'),
(2416, 'CS8897036', 'Fall', 2022, 'Ahmed Ibrahim'),
(2417, 'CS8897037', 'Fall', 2022, 'Upsorn Praphamontripong'),
(2418, 'CS8897038', 'Fall', 2022, 'Mary Smith'),
(2419, 'CS8897039', 'Fall', 2022, 'Abdeltawab Hendawi'),
(2420, 'CS8897040', 'Fall', 2022, 'Dimitrios Diochnos'),
(2421, 'CS8897041', 'Fall', 2022, 'Lu Feng'),
(2422, 'CS8897042', 'Fall', 2022, 'Nathan Brunelle'),
(2423, 'CS8897043', 'Fall', 2022, 'Farzad Hassanzadeh'),
(2424, 'CS8897044', 'Fall', 2022, 'Yuan Tian'),
(2425, 'CS8897045', 'Fall', 2022, 'Matthew Dwyer'),
(2426, 'CS8897046', 'Fall', 2022, 'Sebastian Elbaum'),
(2427, 'CS8897047', 'Fall', 2022, 'Yangfeng Ji'),
(2428, 'CS8897048', 'Fall', 2022, 'Yonghwi Kwon'),
(2429, 'CS8897049', 'Fall', 2022, 'Ashish Venkat'),
(2430, 'CS8897050', 'Fall', 2022, 'Daniel Graham'),
(2431, 'CS8897051', 'Fall', 2022, 'John Hott'),
(2432, 'CS8897052', 'Fall', 2022, 'Nhat Nguyen'),
(2433, 'CS8897053', 'Fall', 2022, 'Raymond Pettit'),
(2434, 'CS8897054', 'Fall', 2022, 'Afsaneh Doryab'),
(2435, 'CS8999001', 'Fall', 2022, 'Cameron Whitehouse'),
(2436, 'CS8999002', 'Fall', 2022, 'James Cohoon'),
(2437, 'CS8999003', 'Fall', 2022, 'Jack Davidson'),
(2438, 'CS8999004', 'Fall', 2022, 'David Evans'),
(2439, 'CS8999005', 'Fall', 2022, 'Connelly Barnes'),
(2440, 'CS8999006', 'Fall', 2022, 'Afsaneh Doryab'),
(2441, 'CS8999007', 'Fall', 2022, 'Hongning Wang'),
(2442, 'CS8999008', 'Fall', 2022, 'Yanjun Qi'),
(2443, 'CS8999009', 'Fall', 2022, 'Thomas Horton'),
(2444, 'CS8999010', 'Fall', 2022, 'Yixin Sun'),
(2445, 'CS8999011', 'Fall', 2022, 'Mark Sherriff'),
(2446, 'CS8999012', 'Fall', 2022, 'Bradford Campbell'),
(2447, 'CS8999013', 'Fall', 2022, 'Baishakhi Ray'),
(2448, 'CS8999014', 'Fall', 2022, 'Worthy Martin'),
(2449, 'CS8999015', 'Fall', 2022, 'Mohammad Mahmoody'),
(2450, 'CS8999016', 'Fall', 2022, 'Gabriel Robins'),
(2451, 'CS8999017', 'Fall', 2022, 'Quanquan Gu'),
(2452, 'CS8999018', 'Fall', 2022, 'Kevin Skadron'),
(2453, 'CS8999019', 'Fall', 2022, 'Judy Fox'),
(2454, 'CS8999020', 'Fall', 2022, 'Miaomiao Zhang'),
(2455, 'CS8999021', 'Fall', 2022, 'Xiaozhu Lin'),
(2456, 'CS8999022', 'Fall', 2022, 'Kevin Sullivan'),
(2457, 'CS8999023', 'Fall', 2022, 'Preston IV'),
(2458, 'CS8999024', 'Fall', 2022, 'Madhur Behl'),
(2459, 'CS8999025', 'Fall', 2022, 'Aaron Bloomfield'),
(2460, 'CS8999026', 'Fall', 2022, 'Samira Khan'),
(2461, 'CS8999027', 'Fall', 2022, 'Kai-Wei Chang'),
(2462, 'CS8999028', 'Fall', 2022, 'Haiying Shen'),
(2463, 'CS8999029', 'Fall', 2022, 'Nhat Nguyen'),
(2464, 'CS8999030', 'Fall', 2022, 'Charles Reiss'),
(2465, 'CS8999031', 'Fall', 2022, 'Ahmed Ibrahim'),
(2466, 'CS8999032', 'Fall', 2022, 'Upsorn Praphamontripong'),
(2467, 'CS8999033', 'Fall', 2022, 'Lu Feng'),
(2468, 'CS8999034', 'Fall', 2022, 'Nathan Brunelle'),
(2469, 'CS8999035', 'Fall', 2022, 'Farzad Hassanzadeh'),
(2470, 'CS8999036', 'Fall', 2022, 'Yuan Tian'),
(2471, 'CS8999037', 'Fall', 2022, 'Homa Alemzadeh'),
(2472, 'CS8999038', 'Fall', 2022, 'Jonathan Goodall'),
(2473, 'CS8999039', 'Fall', 2022, 'Denis Nekipelov'),
(2474, 'CS8999040', 'Fall', 2022, 'Kristen Naegle'),
(2475, 'CS8999041', 'Fall', 2022, 'Matthew Dwyer'),
(2476, 'CS8999042', 'Fall', 2022, 'Sebastian Elbaum'),
(2477, 'CS8999043', 'Fall', 2022, 'Yangfeng Ji'),
(2478, 'CS8999044', 'Fall', 2022, 'Yonghwi Kwon'),
(2479, 'CS8999045', 'Fall', 2022, 'Aidong Zhang'),
(2480, 'CS8999046', 'Fall', 2022, 'Anil Vullikanti'),
(2481, 'CS8999047', 'Fall', 2022, 'Madhav Marathe'),
(2482, 'CS8999048', 'Fall', 2022, 'Michael Albert'),
(2483, 'CS8999049', 'Fall', 2022, 'David Wu'),
(2484, 'CS8999050', 'Fall', 2022, 'Haifeng Xu'),
(2485, 'CS8999051', 'Fall', 2022, 'Seongkook Heo'),
(2486, 'CS8999052', 'Fall', 2022, 'Ashish Venkat'),
(2487, 'CS8999053', 'Fall', 2022, 'Jundong Li'),
(2488, 'CS8999054', 'Fall', 2022, 'Nicola Bezzo'),
(2489, 'CS9897001', 'Fall', 2022, 'Aaron Bloomfield'),
(2490, 'CS9897002', 'Fall', 2022, 'Connelly Barnes'),
(2491, 'CS9897003', 'Fall', 2022, 'James Cohoon'),
(2492, 'CS9897004', 'Fall', 2022, 'Jack Davidson'),
(2493, 'CS9897005', 'Fall', 2022, 'David Evans'),
(2494, 'CS9897007', 'Fall', 2022, 'David Edwards'),
(2495, 'CS9897008', 'Fall', 2022, 'Thomas Horton'),
(2496, 'CS9897010', 'Fall', 2022, 'Bradford Campbell'),
(2497, 'CS9897011', 'Fall', 2022, 'Mark Floryan'),
(2498, 'CS9897012', 'Fall', 2022, 'Worthy Martin'),
(2499, 'CS9897013', 'Fall', 2022, 'Yanjun Qi'),
(2500, 'CS9897014', 'Fall', 2022, 'Quanquan Gu'),
(2501, 'CS9897015', 'Fall', 2022, 'Mark Sherriff'),
(2502, 'CS9897016', 'Fall', 2022, 'Kevin Skadron'),
(2503, 'CS9897018', 'Fall', 2022, 'Mohammad Mahmoody'),
(2504, 'CS9897020', 'Fall', 2022, 'Kevin Sullivan'),
(2505, 'CS9897022', 'Fall', 2022, 'Madhur Behl'),
(2506, 'CS9897024', 'Fall', 2022, 'Baishakhi Ray'),
(2507, 'CS9897025', 'Fall', 2022, 'Samira Khan'),
(2508, 'CS9897026', 'Fall', 2022, 'Kai-Wei Chang'),
(2509, 'CS9897027', 'Fall', 2022, 'Haiying Shen'),
(2510, 'CS9897029', 'Fall', 2022, 'Charles Reiss'),
(2511, 'CS9897030', 'Fall', 2022, 'Ahmed Ibrahim'),
(2512, 'CS9897031', 'Fall', 2022, 'Upsorn Praphamontripong'),
(2513, 'CS9897032', 'Fall', 2022, 'Mary Smith'),
(2514, 'CS9897033', 'Fall', 2022, 'Kong-Cheng Wong'),
(2515, 'CS9897034', 'Fall', 2022, 'Dimitrios Diochnos'),
(2516, 'CS9897035', 'Fall', 2022, 'Lu Feng'),
(2517, 'CS9897036', 'Fall', 2022, 'Nathan Brunelle'),
(2518, 'CS9897037', 'Fall', 2022, 'Farzad Hassanzadeh'),
(2519, 'CS9897038', 'Fall', 2022, 'Yuan Tian'),
(2520, 'CS9897039', 'Fall', 2022, 'Matthew Dwyer'),
(2521, 'CS9897040', 'Fall', 2022, 'Sebastian Elbaum'),
(2522, 'CS9897041', 'Fall', 2022, 'Yangfeng Ji'),
(2523, 'CS9897042', 'Fall', 2022, 'Yonghwi Kwon'),
(2524, 'CS9897043', 'Fall', 2022, 'Ashish Venkat'),
(2525, 'CS9897044', 'Fall', 2022, 'Daniel Graham'),
(2526, 'CS9897045', 'Fall', 2022, 'John Hott'),
(2527, 'CS9897046', 'Fall', 2022, 'Nhat Nguyen'),
(2528, 'CS9897047', 'Fall', 2022, 'Raymond Pettit'),
(2529, 'CS9897048', 'Fall', 2022, 'Aidong Zhang'),
(2530, 'CS9897049', 'Fall', 2022, 'David Wu'),
(2531, 'CS9897050', 'Fall', 2022, 'Haifeng Xu'),
(2532, 'CS9897051', 'Fall', 2022, 'Seongkook Heo'),
(2533, 'CS9897052', 'Fall', 2022, 'Homa Alemzadeh'),
(2534, 'CS9897053', 'Fall', 2022, 'Afsaneh Doryab'),
(2535, 'CS9897054', 'Fall', 2022, 'Preston IV'),
(2536, 'CS9897055', 'Fall', 2022, 'Neal Magee'),
(2537, 'CS9897056', 'Fall', 2022, 'Jeremy Bolton'),
(2538, 'CS9999001', 'Fall', 2022, 'Kevin Skadron'),
(2539, 'CS9999002', 'Fall', 2022, 'James Cohoon'),
(2540, 'CS9999003', 'Fall', 2022, 'Jack Davidson'),
(2541, 'CS9999004', 'Fall', 2022, 'Aaron Bloomfield'),
(2542, 'CS9999005', 'Fall', 2022, 'Baishakhi Ray'),
(2543, 'CS9999006', 'Fall', 2022, 'Preston IV'),
(2544, 'CS9999007', 'Fall', 2022, 'Yixin Sun'),
(2545, 'CS9999008', 'Fall', 2022, 'David Evans'),
(2546, 'CS9999009', 'Fall', 2022, 'Connelly Barnes'),
(2547, 'CS9999010', 'Fall', 2022, 'Miaomiao Zhang'),
(2548, 'CS9999011', 'Fall', 2022, 'Hongning Wang'),
(2549, 'CS9999012', 'Fall', 2022, 'Yanjun Qi'),
(2550, 'CS9999013', 'Fall', 2022, 'Jundong Li'),
(2551, 'CS9999014', 'Fall', 2022, 'Samira Khan'),
(2552, 'CS9999015', 'Fall', 2022, 'Bradford Campbell'),
(2553, 'CS9999016', 'Fall', 2022, 'Worthy Martin'),
(2554, 'CS9999017', 'Fall', 2022, 'Mohammad Mahmoody'),
(2555, 'CS9999018', 'Fall', 2022, 'Gabriel Robins'),
(2556, 'CS9999019', 'Fall', 2022, 'Madhur Behl'),
(2557, 'CS9999020', 'Fall', 2022, 'Seongkook Heo'),
(2558, 'CS9999021', 'Fall', 2022, 'Haifeng Xu'),
(2559, 'CS9999022', 'Fall', 2022, 'Kai-Wei Chang'),
(2560, 'CS9999023', 'Fall', 2022, 'Kevin Sullivan'),
(2561, 'CS9999024', 'Fall', 2022, 'Quanquan Gu'),
(2562, 'CS9999025', 'Fall', 2022, 'Thomas Horton'),
(2563, 'CS9999026', 'Fall', 2022, 'Haiying Shen'),
(2564, 'CS9999027', 'Fall', 2022, 'Mark Sherriff'),
(2565, 'CS9999028', 'Fall', 2022, 'David Wu'),
(2566, 'CS9999029', 'Fall', 2022, 'Charles Reiss'),
(2567, 'CS9999030', 'Fall', 2022, 'Ahmed Ibrahim'),
(2568, 'CS9999031', 'Fall', 2022, 'Upsorn Praphamontripong'),
(2569, 'CS9999032', 'Fall', 2022, 'Lu Feng'),
(2570, 'CS9999033', 'Fall', 2022, 'Nathan Brunelle'),
(2571, 'CS9999034', 'Fall', 2022, 'Farzad Hassanzadeh'),
(2572, 'CS9999035', 'Fall', 2022, 'Yuan Tian'),
(2573, 'CS9999036', 'Fall', 2022, 'Matthew Dwyer'),
(2574, 'CS9999037', 'Fall', 2022, 'Sebastian Elbaum'),
(2575, 'CS9999038', 'Fall', 2022, 'Yangfeng Ji'),
(2576, 'CS9999039', 'Fall', 2022, 'Yonghwi Kwon'),
(2577, 'CS9999040', 'Fall', 2022, 'Ashish Venkat'),
(2578, 'CS9999041', 'Fall', 2022, 'Aidong Zhang'),
(2579, 'CS9999042', 'Fall', 2022, 'Anil Vullikanti'),
(2580, 'CS9999043', 'Fall', 2022, 'Madhav Marathe'),
(2581, 'CS9999044', 'Fall', 2022, 'John Stankovic'),
(11014, 'CS1110001', 'Spring', 2023, 'Raymond Pettit'),
(11015, 'CS1110002', 'Spring', 2023, 'Raymond Pettit'),
(11016, 'CS1110003', 'Spring', 2023, 'Aidan San'),
(11017, 'CS1110100', 'Spring', 2023, 'Raymond Pettit'),
(11018, 'CS1110101', 'Spring', 2023, 'Raymond Pettit'),
(11019, 'CS1110102', 'Spring', 2023, 'Raymond Pettit'),
(11020, 'CS1110103', 'Spring', 2023, 'Raymond Pettit'),
(11021, 'CS1110104', 'Spring', 2023, 'Raymond Pettit'),
(11022, 'CS1110105', 'Spring', 2023, 'Raymond Pettit'),
(11023, 'CS1110106', 'Spring', 2023, 'Raymond Pettit'),
(11024, 'CS1110107', 'Spring', 2023, 'Raymond Pettit'),
(11025, 'CS1111001', 'Spring', 2023, 'Panagiotis Apostolellis'),
(11026, 'CS1112001', 'Spring', 2023, 'Elizabeth Orrico'),
(11027, 'CS1501001', 'Spring', 2023, 'Haifeng Xu'),
(11028, 'CS2100001', 'Spring', 2023, 'Mark Floryan'),
(11029, 'CS2100002', 'Spring', 2023, 'Nada Basit'),
(11030, 'CS2100101', 'Spring', 2023, 'Mark Floryan'),
(11031, 'CS2100102', 'Spring', 2023, 'Mark Floryan'),
(11032, 'CS2100103', 'Spring', 2023, 'Mark Floryan'),
(11033, 'CS2100104', 'Spring', 2023, 'Mark Floryan'),
(11034, 'CS2110001', 'Spring', 2023, 'Derrick Stone'),
(11035, 'CS2110101', 'Spring', 2023, 'Derrick Stone'),
(11036, 'CS2120001', 'Spring', 2023, 'Elizabeth Orrico'),
(11037, 'CS2120002', 'Spring', 2023, 'Briana Morrison'),
(11038, 'CS2120003', 'Spring', 2023, 'Briana Morrison'),
(11039, 'CS2130001', 'Spring', 2023, 'Luther Tychonievich'),
(11040, 'CS2130002', 'Spring', 2023, 'Daniel Graham'),
(11041, 'CS2130101', 'Spring', 2023, 'Luther Tychonievich'),
(11042, 'CS2130102', 'Spring', 2023, 'Luther Tychonievich'),
(11043, 'CS2150001', 'Spring', 2023, 'Aaron Bloomfield'),
(11044, 'CS2150002', 'Spring', 2023, 'Mark Floryan'),
(11045, 'CS2150101', 'Spring', 2023, 'Aaron Bloomfield'),
(11046, 'CS2150102', 'Spring', 2023, 'Aaron Bloomfield'),
(11047, 'CS2150103', 'Spring', 2023, 'Aaron Bloomfield'),
(11048, 'CS2150104', 'Spring', 2023, 'Aaron Bloomfield'),
(11049, 'CS2150105', 'Spring', 2023, 'Aaron Bloomfield'),
(11050, 'CS2150106', 'Spring', 2023, 'Aaron Bloomfield'),
(11051, 'CS2150107', 'Spring', 2023, 'Aaron Bloomfield'),
(11052, 'CS2910001', 'Spring', 2023, 'Nathan Brunelle'),
(11053, 'CS3102001', 'Spring', 2023, 'Nathan Brunelle'),
(11054, 'CS3205001', 'Spring', 2023, 'Panagiotis Apostolellis'),
(11055, 'CS3240001', 'Spring', 2023, 'Paul McBurney'),
(11056, 'CS3240002', 'Spring', 2023, 'Paul McBurney'),
(11057, 'CS3240101', 'Spring', 2023, 'Paul McBurney'),
(11058, 'CS3250001', 'Spring', 2023, 'Upsorn Praphamontripong'),
(11059, 'CS3330100', 'Spring', 2023, 'Ashish Venkat'),
(11060, 'CS3330101', 'Spring', 2023, 'Ashish Venkat'),
(11061, 'CS3330102', 'Spring', 2023, 'Ashish Venkat'),
(11062, 'CS3330200', 'Spring', 2023, 'Luther Tychonievich'),
(11063, 'CS3330201', 'Spring', 2023, 'Luther Tychonievich'),
(11064, 'CS3330202', 'Spring', 2023, 'Luther Tychonievich'),
(11065, 'CS3501001', 'Spring', 2023, 'Preston IV'),
(11066, 'CS3501002', 'Spring', 2023, 'Joanne Dugan'),
(11067, 'CS3501003', 'Spring', 2023, 'Jack Davidson'),
(11068, 'CS3710001', 'Spring', 2023, 'Angela Orebaugh'),
(11069, 'CS3710002', 'Spring', 2023, 'Angela Orebaugh'),
(11070, 'CS4102001', 'Spring', 2023, 'John Hott'),
(11071, 'CS4102002', 'Spring', 2023, 'Thomas Horton'),
(11072, 'CS4414001', 'Spring', 2023, 'Charles Reiss'),
(11073, 'CS4414002', 'Spring', 2023, 'Charles Reiss'),
(11074, 'CS4434001', 'Spring', 2023, 'Homa Alemzadeh'),
(11075, 'CS4457001', 'Spring', 2023, 'Bradford Campbell'),
(11076, 'CS4501001', 'Spring', 2023, 'Haifeng Xu'),
(11077, 'CS4501002', 'Spring', 2023, 'Jack Davidson'),
(11078, 'CS4501003', 'Spring', 2023, 'Madhur Behl'),
(11079, 'CS4501004', 'Spring', 2023, 'Seongkook Heo'),
(11080, 'CS4501006', 'Spring', 2023, 'John Stankovic'),
(11081, 'CS4501007', 'Spring', 2023, 'Yangfeng Ji'),
(11082, 'CS4501009', 'Spring', 2023, 'David Evans'),
(11083, 'CS4501010', 'Spring', 2023, 'Aaron Bloomfield'),
(11084, 'CS4640001', 'Spring', 2023, 'John Hott'),
(11085, 'CS4740001', 'Spring', 2023, 'Haiying Shen'),
(11086, 'CS4750001', 'Spring', 2023, 'Upsorn Praphamontripong'),
(11087, 'CS4760001', 'Spring', 2023, 'Daniel Graham'),
(11088, 'CS4774001', 'Spring', 2023, 'Yanjun Qi'),
(11089, 'CS4980001', 'Spring', 2023, 'Aaron Bloomfield'),
(11090, 'CS4980002', 'Spring', 2023, 'James Cohoon'),
(11091, 'CS4980003', 'Spring', 2023, 'Jack Davidson'),
(11092, 'CS4980004', 'Spring', 2023, 'David Evans'),
(11093, 'CS4980005', 'Spring', 2023, 'Mark Floryan'),
(11094, 'CS4980006', 'Spring', 2023, 'Homa Alemzadeh'),
(11095, 'CS4980007', 'Spring', 2023, 'Hongning Wang'),
(11096, 'CS4980008', 'Spring', 2023, 'Nicola Bezzo'),
(11097, 'CS4980009', 'Spring', 2023, 'Kevin Sullivan'),
(11098, 'CS4980010', 'Spring', 2023, 'Madhur Behl'),
(11099, 'CS4980011', 'Spring', 2023, 'Jonathan Goodall'),
(11100, 'CS4980012', 'Spring', 2023, 'Mohammad Mahmoody'),
(11101, 'CS4980013', 'Spring', 2023, 'Haiying Shen'),
(11102, 'CS4980014', 'Spring', 2023, 'Yanjun Qi'),
(11103, 'CS4980015', 'Spring', 2023, 'Kristen Naegle'),
(11104, 'CS4980016', 'Spring', 2023, 'Denis Nekipelov'),
(11105, 'CS4980017', 'Spring', 2023, 'Mark Sherriff'),
(11106, 'CS4980018', 'Spring', 2023, 'Daniel Graham'),
(11107, 'CS4980019', 'Spring', 2023, 'Sebastian Elbaum'),
(11108, 'CS4980020', 'Spring', 2023, 'Samira Khan'),
(11109, 'CS4980021', 'Spring', 2023, 'Jack Davidson'),
(11110, 'CS4980022', 'Spring', 2023, 'Alfred Weaver'),
(11111, 'CS4980023', 'Spring', 2023, 'Andrew Grimshaw'),
(11112, 'CS4980024', 'Spring', 2023, 'Luther Tychonievich'),
(11113, 'CS4980025', 'Spring', 2023, 'Yonghwi Kwon'),
(11114, 'CS4980026', 'Spring', 2023, 'Nada Basit'),
(11115, 'CS4980027', 'Spring', 2023, 'Seongkook Heo'),
(11116, 'CS4980028', 'Spring', 2023, 'Madhav Marathe'),
(11117, 'CS4980029', 'Spring', 2023, 'Nhat Nguyen'),
(11118, 'CS4980030', 'Spring', 2023, 'Kevin Skadron'),
(11119, 'CS4980031', 'Spring', 2023, 'Worthy Martin'),
(11120, 'CS4980032', 'Spring', 2023, 'David Wu'),
(11121, 'CS4980033', 'Spring', 2023, 'Matthew Dwyer'),
(11122, 'CS4980034', 'Spring', 2023, 'Upsorn Praphamontripong'),
(11123, 'CS4980035', 'Spring', 2023, 'Yangfeng Ji'),
(11124, 'CS4980036', 'Spring', 2023, 'Aidong Zhang'),
(11125, 'CS4980037', 'Spring', 2023, 'Lu Feng'),
(11126, 'CS4980038', 'Spring', 2023, 'Haifeng Xu'),
(11127, 'CS4980039', 'Spring', 2023, 'Nathan Brunelle'),
(11128, 'CS4980040', 'Spring', 2023, 'James Cohoon'),
(11129, 'CS4980041', 'Spring', 2023, 'Yuan Tian'),
(11130, 'CS4980042', 'Spring', 2023, 'Paul McBurney'),
(11131, 'CS4980043', 'Spring', 2023, 'Bradford Campbell'),
(11132, 'CS4980044', 'Spring', 2023, 'Elizabeth Orrico'),
(11133, 'CS4991001', 'Spring', 2023, 'Rosanne Vrugtman'),
(11134, 'CS4991002', 'Spring', 2023, 'Rosanne Vrugtman'),
(11135, 'CS4993001', 'Spring', 2023, 'Madhur Behl'),
(11136, 'CS4993002', 'Spring', 2023, 'Ashish Venkat'),
(11137, 'CS4993003', 'Spring', 2023, 'Andrew Grimshaw'),
(11138, 'CS4993004', 'Spring', 2023, 'Homa Alemzadeh'),
(11139, 'CS4993005', 'Spring', 2023, 'Nicola Bezzo'),
(11140, 'CS4993006', 'Spring', 2023, 'Jonathan Goodall'),
(11141, 'CS4993007', 'Spring', 2023, 'Denis Nekipelov'),
(11142, 'CS4993008', 'Spring', 2023, 'Tariq Iqbal'),
(11143, 'CS4993009', 'Spring', 2023, 'Anil Vullikanti'),
(11144, 'CS4993010', 'Spring', 2023, 'Mark Sherriff'),
(11145, 'CS4993011', 'Spring', 2023, 'Kristen Naegle'),
(11146, 'CS4993012', 'Spring', 2023, 'Luther Tychonievich'),
(11147, 'CS4993013', 'Spring', 2023, 'Alfred Weaver'),
(11148, 'CS4993014', 'Spring', 2023, 'John Hott'),
(11149, 'CS4993015', 'Spring', 2023, 'Upsorn Praphamontripong'),
(11150, 'CS4993016', 'Spring', 2023, 'Jack Davidson'),
(11151, 'CS4993017', 'Spring', 2023, 'Seongkook Heo'),
(11152, 'CS4993018', 'Spring', 2023, 'Daniel Graham'),
(11153, 'CS4993019', 'Spring', 2023, 'Haiying Shen'),
(11154, 'CS4993020', 'Spring', 2023, 'Kevin Skadron'),
(11155, 'CS4993021', 'Spring', 2023, 'Nada Basit'),
(11156, 'CS4993022', 'Spring', 2023, 'Yanjun Qi'),
(11157, 'CS4993023', 'Spring', 2023, 'Panagiotis Apostolellis'),
(11158, 'CS4993024', 'Spring', 2023, 'Yangfeng Ji'),
(11159, 'CS4993025', 'Spring', 2023, 'David Evans'),
(11160, 'CS4993026', 'Spring', 2023, 'Hongning Wang'),
(11161, 'CS4993027', 'Spring', 2023, 'Yonghwi Kwon'),
(11162, 'CS4993028', 'Spring', 2023, 'David Wu'),
(11163, 'CS4993029', 'Spring', 2023, 'Haifeng Xu'),
(11164, 'CS4993030', 'Spring', 2023, 'Madhav Marathe'),
(11165, 'CS4993031', 'Spring', 2023, 'Nhat Nguyen'),
(11166, 'CS4993032', 'Spring', 2023, 'Ahmed Ibrahim'),
(11167, 'CS4993033', 'Spring', 2023, 'Mark Floryan'),
(11168, 'CS4993034', 'Spring', 2023, 'Yixin Sun'),
(11169, 'CS4993036', 'Spring', 2023, 'Vicente Ordonez-Roman'),
(11170, 'CS4993037', 'Spring', 2023, 'Lu Feng'),
(11171, 'CS4993038', 'Spring', 2023, 'Jundong Li'),
(11172, 'CS4993039', 'Spring', 2023, 'Nathan Brunelle'),
(11173, 'CS4993040', 'Spring', 2023, 'Yuan Tian'),
(11174, 'CS4993041', 'Spring', 2023, 'Afsaneh Doryab'),
(11175, 'CS4993042', 'Spring', 2023, 'Mircea Stan'),
(11176, 'CS4993043', 'Spring', 2023, 'Donald Brown'),
(11177, 'CS4993044', 'Spring', 2023, 'Farzad Hassanzadeh'),
(11178, 'CS4993045', 'Spring', 2023, 'Thomas Horton'),
(11179, 'CS4993046', 'Spring', 2023, 'Elizabeth Orrico'),
(11180, 'CS4993600', 'Spring', 2023, 'Panagiotis Apostolellis'),
(11181, 'CS4998001', 'Spring', 2023, 'Ashish Venkat'),
(11182, 'CS4998002', 'Spring', 2023, 'Hongning Wang'),
(11183, 'CS4998003', 'Spring', 2023, 'Yanjun Qi'),
(11184, 'CS4998004', 'Spring', 2023, 'Mark Sherriff'),
(11185, 'CS4998005', 'Spring', 2023, 'Homa Alemzadeh'),
(11186, 'CS4998006', 'Spring', 2023, 'Nicola Bezzo'),
(11187, 'CS4998007', 'Spring', 2023, 'Haifeng Xu'),
(11188, 'CS4998008', 'Spring', 2023, 'Jonathan Goodall'),
(11189, 'CS4998009', 'Spring', 2023, 'Kristen Naegle'),
(11190, 'CS4998010', 'Spring', 2023, 'Kevin Skadron'),
(11191, 'CS4998011', 'Spring', 2023, 'David Evans'),
(11192, 'CS4998012', 'Spring', 2023, 'Panagiotis Apostolellis'),
(11193, 'CS4998013', 'Spring', 2023, 'Yuan Tian'),
(11194, 'CS4998014', 'Spring', 2023, 'Michele Claibourn'),
(11195, 'CS4998015', 'Spring', 2023, 'Seongkook Heo'),
(11196, 'CS4998016', 'Spring', 2023, 'Nhat Nguyen'),
(11197, 'CS4998017', 'Spring', 2023, 'Olivier Pfister'),
(11198, 'CS4998018', 'Spring', 2023, 'Ku-Lung Hsu'),
(11199, 'CS4998019', 'Spring', 2023, 'Mona Kasra'),
(11200, 'CS4998020', 'Spring', 2023, 'Tariq Iqbal'),
(11201, 'CS6161001', 'Spring', 2023, 'Mohammad Mahmoody'),
(11202, 'CS6316001', 'Spring', 2023, 'Yangfeng Ji'),
(11203, 'CS6434001', 'Spring', 2023, 'Homa Alemzadeh'),
(11204, 'CS6456001', 'Spring', 2023, 'Xiaozhu Lin'),
(11205, 'CS6501001', 'Spring', 2023, 'Kevin Sullivan'),
(11206, 'CS6501002', 'Spring', 2023, 'Yixin Sun'),
(11207, 'CS6501004', 'Spring', 2023, 'Yonghwi Kwon'),
(11208, 'CS6501005', 'Spring', 2023, 'Seongkook Heo'),
(11209, 'CS6501006', 'Spring', 2023, 'Yangfeng Ji'),
(11210, 'CS6501007', 'Spring', 2023, 'Nathan Sheffield'),
(11211, 'CS6501008', 'Spring', 2023, 'Tianhao Wang'),
(11212, 'CS6763001', 'Spring', 2023, 'Lu Feng'),
(11213, 'CS6888001', 'Spring', 2023, 'Mary Soffa'),
(11214, 'CS6890001', 'Spring', 2023, 'John Stankovic'),
(11215, 'CS6890002', 'Spring', 2023, 'Alfred Weaver'),
(11216, 'CS6890003', 'Spring', 2023, 'Haifeng Xu'),
(11217, 'CS6890004', 'Spring', 2023, 'Xiaozhu Lin'),
(11218, 'CS6890005', 'Spring', 2023, 'David Evans'),
(11219, 'CS6890006', 'Spring', 2023, 'Bradford Campbell'),
(11220, 'CS6993001', 'Spring', 2023, 'Nada Basit'),
(11221, 'CS6993002', 'Spring', 2023, 'Mohammad Mahmoody'),
(11222, 'CS6993003', 'Spring', 2023, 'Hongning Wang'),
(11223, 'CS6993004', 'Spring', 2023, 'Aidong Zhang'),
(11224, 'CS6993005', 'Spring', 2023, 'Yonghwi Kwon'),
(11225, 'CS7501001', 'Spring', 2023, 'Jack Davidson'),
(11226, 'CS7993001', 'Spring', 2023, 'Jundong Li'),
(11227, 'CS7993002', 'Spring', 2023, 'John Stankovic'),
(11228, 'CS7993003', 'Spring', 2023, 'Yanjun Qi'),
(11229, 'CS7993004', 'Spring', 2023, 'Mohammad Mahmoody'),
(11230, 'CS7993005', 'Spring', 2023, 'Jonathan Goodall'),
(11231, 'CS7993006', 'Spring', 2023, 'Yangfeng Ji'),
(11232, 'CS7993007', 'Spring', 2023, 'Samira Khan'),
(11233, 'CS7993008', 'Spring', 2023, 'Marty Humphrey'),
(11234, 'CS7993009', 'Spring', 2023, 'Haiying Shen'),
(11235, 'CS7993010', 'Spring', 2023, 'Ahmed Ibrahim'),
(11236, 'CS7993011', 'Spring', 2023, 'Vicente Ordonez-Roman'),
(11237, 'CS7993012', 'Spring', 2023, 'Andrew Grimshaw'),
(11238, 'CS7993013', 'Spring', 2023, 'Lu Feng'),
(11239, 'CS7993014', 'Spring', 2023, 'Madhur Behl'),
(11240, 'CS7993015', 'Spring', 2023, 'Upsorn Praphamontripong'),
(11241, 'CS7993016', 'Spring', 2023, 'Yuan Tian'),
(11242, 'CS7993017', 'Spring', 2023, 'Ashish Venkat'),
(11243, 'CS7993018', 'Spring', 2023, 'Homa Alemzadeh'),
(11244, 'CS7993019', 'Spring', 2023, 'Nicola Bezzo'),
(11245, 'CS7993020', 'Spring', 2023, 'Kristen Naegle'),
(11246, 'CS7993021', 'Spring', 2023, 'Denis Nekipelov'),
(11247, 'CS7993022', 'Spring', 2023, 'Seongkook Heo'),
(11248, 'CS7993023', 'Spring', 2023, 'Kevin Skadron'),
(11249, 'CS7993024', 'Spring', 2023, 'Haifeng Xu'),
(11250, 'CS7993025', 'Spring', 2023, 'Michael Albert'),
(11251, 'CS7993026', 'Spring', 2023, 'David Wu'),
(11252, 'CS7993027', 'Spring', 2023, 'Aidong Zhang'),
(11253, 'CS7993028', 'Spring', 2023, 'Anil Vullikanti'),
(11254, 'CS7993029', 'Spring', 2023, 'Bradford Campbell'),
(11255, 'CS7993030', 'Spring', 2023, 'Madhav Marathe'),
(11256, 'CS7993031', 'Spring', 2023, 'Xiaozhu Lin'),
(11257, 'CS7993032', 'Spring', 2023, 'Afsaneh Doryab'),
(11258, 'CS7993033', 'Spring', 2023, 'Tianhao Wang'),
(11259, 'CS7995001', 'Spring', 2023, 'Sebastian Elbaum'),
(11260, 'CS7995002', 'Spring', 2023, 'Nhat Nguyen'),
(11261, 'CS7995003', 'Spring', 2023, 'Nada Basit'),
(11262, 'CS7995004', 'Spring', 2023, 'Madhur Behl'),
(11263, 'CS7995005', 'Spring', 2023, 'Mohammad Mahmoody'),
(11264, 'CS7995006', 'Spring', 2023, 'Mary Soffa'),
(11265, 'CS7995007', 'Spring', 2023, 'Yangfeng Ji'),
(11266, 'CS7995008', 'Spring', 2023, 'Vicente Ordonez-Roman'),
(11267, 'CS7995009', 'Spring', 2023, 'Yuan Tian'),
(11268, 'CS7995010', 'Spring', 2023, 'Homa Alemzadeh'),
(11269, 'CS7995011', 'Spring', 2023, 'Nicola Bezzo'),
(11270, 'CS7995012', 'Spring', 2023, 'Haifeng Xu'),
(11271, 'CS7995013', 'Spring', 2023, 'Jonathan Goodall'),
(11272, 'CS7995014', 'Spring', 2023, 'Kristen Naegle'),
(11273, 'CS7995015', 'Spring', 2023, 'Denis Nekipelov'),
(11274, 'CS7995016', 'Spring', 2023, 'Madhav Marathe'),
(11275, 'CS7995017', 'Spring', 2023, 'Seongkook Heo'),
(11276, 'CS7995018', 'Spring', 2023, 'Kevin Skadron'),
(11277, 'CS7995019', 'Spring', 2023, 'Ashish Venkat'),
(11278, 'CS8501002', 'Spring', 2023, 'Yuan Tian'),
(11279, 'CS8501003', 'Spring', 2023, 'Matthew Dwyer'),
(11280, 'CS8501004', 'Spring', 2023, 'Sebastian Elbaum'),
(11281, 'CS8897001', 'Spring', 2023, 'Jack Davidson'),
(11282, 'CS8897002', 'Spring', 2023, 'David Evans'),
(11283, 'CS8897003', 'Spring', 2023, 'Mohammad Mahmoody'),
(11284, 'CS8897004', 'Spring', 2023, 'Connelly Barnes'),
(11285, 'CS8897005', 'Spring', 2023, 'Marty Humphrey'),
(11286, 'CS8897006', 'Spring', 2023, 'Kevin Skadron'),
(11287, 'CS8897007', 'Spring', 2023, 'Mary Soffa'),
(11288, 'CS8897008', 'Spring', 2023, 'John Stankovic'),
(11289, 'CS8897009', 'Spring', 2023, 'Madhur Behl'),
(11290, 'CS8897010', 'Spring', 2023, 'Thomas Horton'),
(11291, 'CS8897011', 'Spring', 2023, 'James Cohoon'),
(11292, 'CS8897012', 'Spring', 2023, 'Mark Sherriff'),
(11293, 'CS8897013', 'Spring', 2023, 'Aaron Bloomfield'),
(11294, 'CS8897014', 'Spring', 2023, 'Gabriel Robins'),
(11295, 'CS8897015', 'Spring', 2023, 'Yanjun Qi'),
(11296, 'CS8897016', 'Spring', 2023, 'Worthy Martin'),
(11297, 'CS8897017', 'Spring', 2023, 'Bradford Campbell'),
(11298, 'CS8897018', 'Spring', 2023, 'David Edwards'),
(11299, 'CS8897019', 'Spring', 2023, 'Cameron Whitehouse'),
(11300, 'CS8897020', 'Spring', 2023, 'Nada Basit'),
(11301, 'CS8897021', 'Spring', 2023, 'Mary Smith'),
(11302, 'CS8897022', 'Spring', 2023, 'Mark Floryan'),
(11303, 'CS8897023', 'Spring', 2023, 'Luther Tychonievich'),
(11304, 'CS8897024', 'Spring', 2023, 'Hongning Wang'),
(11305, 'CS8897025', 'Spring', 2023, 'Baishakhi Ray'),
(11306, 'CS8897026', 'Spring', 2023, 'Samira Khan'),
(11307, 'CS8897027', 'Spring', 2023, 'Ahmed Ibrahim'),
(11308, 'CS8897028', 'Spring', 2023, 'Charles Reiss'),
(11309, 'CS8897029', 'Spring', 2023, 'Upsorn Praphamontripong'),
(11310, 'CS8897030', 'Spring', 2023, 'Kong-Cheng Wong'),
(11311, 'CS8897031', 'Spring', 2023, 'Dimitrios Diochnos'),
(11312, 'CS8897032', 'Spring', 2023, 'Abdeltawab Hendawi'),
(11313, 'CS8897033', 'Spring', 2023, 'Kai-Wei Chang'),
(11314, 'CS8897034', 'Spring', 2023, 'Vicente Ordonez-Roman'),
(11315, 'CS8897035', 'Spring', 2023, 'Lu Feng'),
(11316, 'CS8897036', 'Spring', 2023, 'Nathan Brunelle'),
(11317, 'CS8897037', 'Spring', 2023, 'Quanquan Gu'),
(11318, 'CS8897038', 'Spring', 2023, 'Yuan Tian'),
(11319, 'CS8897039', 'Spring', 2023, 'Aidong Zhang'),
(11320, 'CS8897040', 'Spring', 2023, 'David Wu'),
(11321, 'CS8897041', 'Spring', 2023, 'Nhat Nguyen'),
(11322, 'CS8897042', 'Spring', 2023, 'Alfred Weaver'),
(11323, 'CS8897043', 'Spring', 2023, 'Yonghwi Kwon'),
(11324, 'CS8897044', 'Spring', 2023, 'John Hott'),
(11325, 'CS8897045', 'Spring', 2023, 'Michael Freenor'),
(11326, 'CS8897046', 'Spring', 2023, 'Ronald Williams'),
(11327, 'CS8897047', 'Spring', 2023, 'Ashish Venkat'),
(11328, 'CS8897048', 'Spring', 2023, 'Seongkook Heo'),
(11329, 'CS8897049', 'Spring', 2023, 'Xiaozhu Lin'),
(11330, 'CS8897050', 'Spring', 2023, 'Yixin Sun'),
(11331, 'CS8897051', 'Spring', 2023, 'Yangfeng Ji'),
(11332, 'CS8999001', 'Spring', 2023, 'Cameron Whitehouse'),
(11333, 'CS8999002', 'Spring', 2023, 'James Cohoon'),
(11334, 'CS8999003', 'Spring', 2023, 'Jack Davidson'),
(11335, 'CS8999004', 'Spring', 2023, 'David Evans'),
(11336, 'CS8999005', 'Spring', 2023, 'James French'),
(11337, 'CS8999006', 'Spring', 2023, 'Andrew Grimshaw'),
(11338, 'CS8999007', 'Spring', 2023, 'Sudhanva Gurumurthi'),
(11339, 'CS8999008', 'Spring', 2023, 'Kai-Wei Chang'),
(11340, 'CS8999009', 'Spring', 2023, 'Thomas Horton'),
(11341, 'CS8999010', 'Spring', 2023, 'Marty Humphrey'),
(11342, 'CS8999011', 'Spring', 2023, 'Vicente Ordonez-Roman'),
(11343, 'CS8999012', 'Spring', 2023, 'Madhur Behl'),
(11344, 'CS8999013', 'Spring', 2023, 'Samira Khan'),
(11345, 'CS8999014', 'Spring', 2023, 'Worthy Martin'),
(11346, 'CS8999015', 'Spring', 2023, 'Mohammad Mahmoody'),
(11347, 'CS8999016', 'Spring', 2023, 'Gabriel Robins'),
(11348, 'CS8999017', 'Spring', 2023, 'Abhi Shelat'),
(11349, 'CS8999018', 'Spring', 2023, 'Kevin Skadron'),
(11350, 'CS8999019', 'Spring', 2023, 'Mary Soffa'),
(11351, 'CS8999020', 'Spring', 2023, 'Connelly Barnes'),
(11352, 'CS8999021', 'Spring', 2023, 'John Stankovic'),
(11353, 'CS8999022', 'Spring', 2023, 'Kevin Sullivan'),
(11354, 'CS8999023', 'Spring', 2023, 'Alfred Weaver'),
(11355, 'CS8999024', 'Spring', 2023, 'Bradford Campbell'),
(11356, 'CS8999025', 'Spring', 2023, 'Yanjun Qi'),
(11357, 'CS8999026', 'Spring', 2023, 'Hongning Wang'),
(11358, 'CS8999027', 'Spring', 2023, 'Baishakhi Ray'),
(11359, 'CS8999028', 'Spring', 2023, 'Lu Feng'),
(11360, 'CS8999029', 'Spring', 2023, 'Nathan Brunelle'),
(11361, 'CS8999030', 'Spring', 2023, 'Quanquan Gu'),
(11362, 'CS8999031', 'Spring', 2023, 'Yuan Tian'),
(11363, 'CS8999032', 'Spring', 2023, 'Homa Alemzadeh'),
(11364, 'CS8999033', 'Spring', 2023, 'Farzad Hassanzadeh'),
(11365, 'CS8999034', 'Spring', 2023, 'Ahmed Ibrahim'),
(11366, 'CS8999035', 'Spring', 2023, 'Kristen Naegle'),
(11367, 'CS8999036', 'Spring', 2023, 'Haiying Shen'),
(11368, 'CS8999037', 'Spring', 2023, 'Jonathan Goodall'),
(11369, 'CS8999038', 'Spring', 2023, 'Denis Nekipelov'),
(11370, 'CS8999039', 'Spring', 2023, 'Preston IV'),
(11371, 'CS8999040', 'Spring', 2023, 'Kristen Naegle'),
(11372, 'CS8999041', 'Spring', 2023, 'Anil Vullikanti'),
(11373, 'CS8999042', 'Spring', 2023, 'Madhav Marathe'),
(11374, 'CS8999043', 'Spring', 2023, 'Yonghwi Kwon'),
(11375, 'CS8999044', 'Spring', 2023, 'Aidong Zhang'),
(11376, 'CS8999045', 'Spring', 2023, 'David Wu'),
(11377, 'CS8999046', 'Spring', 2023, 'Sebastian Elbaum'),
(11378, 'CS8999047', 'Spring', 2023, 'Yangfeng Ji'),
(11379, 'CS8999048', 'Spring', 2023, 'Ashish Venkat'),
(11380, 'CS8999049', 'Spring', 2023, 'Nicola Bezzo'),
(11381, 'CS8999050', 'Spring', 2023, 'Seongkook Heo'),
(11382, 'CS8999051', 'Spring', 2023, 'Matthew Dwyer'),
(11383, 'CS8999052', 'Spring', 2023, 'Jundong Li'),
(11384, 'CS8999053', 'Spring', 2023, 'Haifeng Xu'),
(11385, 'CS8999054', 'Spring', 2023, 'Xiaozhu Lin'),
(11386, 'CS8999055', 'Spring', 2023, 'Judy Fox'),
(11387, 'CS8999056', 'Spring', 2023, 'Afsaneh Doryab'),
(11388, 'CS8999057', 'Spring', 2023, 'Yixin Sun'),
(11389, 'CS8999058', 'Spring', 2023, 'Geoffrey Fox'),
(11390, 'CS8999059', 'Spring', 2023, 'Nhat Nguyen'),
(11391, 'CS8999060', 'Spring', 2023, 'Miaomiao Zhang'),
(11392, 'CS9897001', 'Spring', 2023, 'James Cohoon'),
(11393, 'CS9897002', 'Spring', 2023, 'Aaron Bloomfield'),
(11394, 'CS9897003', 'Spring', 2023, 'Mary Smith'),
(11395, 'CS9897004', 'Spring', 2023, 'Luther Tychonievich'),
(11396, 'CS9897005', 'Spring', 2023, 'Jack Davidson'),
(11397, 'CS9897006', 'Spring', 2023, 'David Evans'),
(11398, 'CS9897007', 'Spring', 2023, 'James French'),
(11399, 'CS9897008', 'Spring', 2023, 'Andrew Grimshaw'),
(11400, 'CS9897009', 'Spring', 2023, 'Worthy Martin'),
(11401, 'CS9897010', 'Spring', 2023, 'David Edwards'),
(11402, 'CS9897011', 'Spring', 2023, 'Mark Floryan'),
(11403, 'CS9897012', 'Spring', 2023, 'Thomas Horton'),
(11404, 'CS9897013', 'Spring', 2023, 'Marty Humphrey'),
(11405, 'CS9897014', 'Spring', 2023, 'Mohammad Mahmoody'),
(11406, 'CS9897015', 'Spring', 2023, 'Madhur Behl'),
(11407, 'CS9897016', 'Spring', 2023, 'Nada Basit'),
(11408, 'CS9897017', 'Spring', 2023, 'Connelly Barnes'),
(11409, 'CS9897018', 'Spring', 2023, 'Abhi Shelat'),
(11410, 'CS9897019', 'Spring', 2023, 'Mark Sherriff'),
(11411, 'CS9897020', 'Spring', 2023, 'Kevin Skadron'),
(11412, 'CS9897021', 'Spring', 2023, 'Mary Soffa'),
(11413, 'CS9897022', 'Spring', 2023, 'Yanjun Qi'),
(11414, 'CS9897023', 'Spring', 2023, 'John Stankovic'),
(11415, 'CS9897024', 'Spring', 2023, 'Kevin Sullivan'),
(11416, 'CS9897025', 'Spring', 2023, 'Alfred Weaver'),
(11417, 'CS9897026', 'Spring', 2023, 'Bradford Campbell'),
(11418, 'CS9897027', 'Spring', 2023, 'Gabriel Robins'),
(11419, 'CS9897028', 'Spring', 2023, 'Cameron Whitehouse'),
(11420, 'CS9897029', 'Spring', 2023, 'Baishakhi Ray'),
(11421, 'CS9897030', 'Spring', 2023, 'Samira Khan'),
(11422, 'CS9897031', 'Spring', 2023, 'Kong-Cheng Wong'),
(11423, 'CS9897032', 'Spring', 2023, 'Ahmed Ibrahim'),
(11424, 'CS9897033', 'Spring', 2023, 'Charles Reiss'),
(11425, 'CS9897034', 'Spring', 2023, 'Upsorn Praphamontripong'),
(11426, 'CS9897035', 'Spring', 2023, 'David Edwards'),
(11427, 'CS9897036', 'Spring', 2023, 'Mary Smith'),
(11428, 'CS9897037', 'Spring', 2023, 'Kong-Cheng Wong'),
(11429, 'CS9897038', 'Spring', 2023, 'Dimitrios Diochnos'),
(11430, 'CS9897039', 'Spring', 2023, 'Abdeltawab Hendawi'),
(11431, 'CS9897040', 'Spring', 2023, 'Kai-Wei Chang'),
(11432, 'CS9897041', 'Spring', 2023, 'Vicente Ordonez-Roman'),
(11433, 'CS9897042', 'Spring', 2023, 'Katherine Holcomb'),
(11434, 'CS9897043', 'Spring', 2023, 'Thomas Hall'),
(11435, 'CS9897044', 'Spring', 2023, 'Lu Feng'),
(11436, 'CS9897045', 'Spring', 2023, 'Nathan Brunelle'),
(11437, 'CS9897046', 'Spring', 2023, 'Quanquan Gu'),
(11438, 'CS9897047', 'Spring', 2023, 'Yuan Tian'),
(11439, 'CS9897048', 'Spring', 2023, 'Aidong Zhang'),
(11440, 'CS9897049', 'Spring', 2023, 'David Wu'),
(11441, 'CS9897050', 'Spring', 2023, 'John Hott'),
(11442, 'CS9897051', 'Spring', 2023, 'Daniel Graham'),
(11443, 'CS9897052', 'Spring', 2023, 'Ronald Williams'),
(11444, 'CS9897053', 'Spring', 2023, 'Ashish Venkat'),
(11445, 'CS9897054', 'Spring', 2023, 'Yangfeng Ji'),
(11446, 'CS9897055', 'Spring', 2023, 'Haifeng Xu'),
(11447, 'CS9897056', 'Spring', 2023, 'Xiaozhu Lin'),
(11448, 'CS9897057', 'Spring', 2023, 'Tianhao Wang'),
(11449, 'CS9897058', 'Spring', 2023, 'Preston IV'),
(11450, 'CS9999001', 'Spring', 2023, 'Marty Humphrey'),
(11451, 'CS9999002', 'Spring', 2023, 'Cameron Whitehouse'),
(11452, 'CS9999003', 'Spring', 2023, 'Alfred Weaver'),
(11453, 'CS9999004', 'Spring', 2023, 'John Stankovic'),
(11454, 'CS9999005', 'Spring', 2023, 'Kai-Wei Chang'),
(11455, 'CS9999006', 'Spring', 2023, 'James Cohoon'),
(11456, 'CS9999007', 'Spring', 2023, 'Jack Davidson'),
(11457, 'CS9999008', 'Spring', 2023, 'David Evans'),
(11458, 'CS9999009', 'Spring', 2023, 'James French'),
(11459, 'CS9999010', 'Spring', 2023, 'Andrew Grimshaw'),
(11460, 'CS9999011', 'Spring', 2023, 'Sudhanva Gurumurthi'),
(11461, 'CS9999012', 'Spring', 2023, 'Mohammad Mahmoody'),
(11462, 'CS9999013', 'Spring', 2023, 'Connelly Barnes'),
(11463, 'CS9999014', 'Spring', 2023, 'Madhur Behl'),
(11464, 'CS9999015', 'Spring', 2023, 'Worthy Martin'),
(11465, 'CS9999016', 'Spring', 2023, 'Yanjun Qi'),
(11466, 'CS9999017', 'Spring', 2023, 'Gabriel Robins'),
(11467, 'CS9999018', 'Spring', 2023, 'Abhi Shelat'),
(11468, 'CS9999019', 'Spring', 2023, 'Kevin Skadron'),
(11469, 'CS9999020', 'Spring', 2023, 'Mary Soffa'),
(11470, 'CS9999021', 'Spring', 2023, 'Vicente Ordonez-Roman'),
(11471, 'CS9999022', 'Spring', 2023, 'Kevin Sullivan'),
(11472, 'CS9999023', 'Spring', 2023, 'Westley Weimer'),
(11473, 'CS9999024', 'Spring', 2023, 'Baishakhi Ray'),
(11474, 'CS9999025', 'Spring', 2023, 'Samira Khan'),
(11475, 'CS9999026', 'Spring', 2023, 'Hongning Wang'),
(11476, 'CS9999027', 'Spring', 2023, 'Haiying Shen'),
(11477, 'CS9999028', 'Spring', 2023, 'Lu Feng'),
(11478, 'CS9999029', 'Spring', 2023, 'Bradford Campbell'),
(11479, 'CS9999030', 'Spring', 2023, 'Nathan Brunelle'),
(11480, 'CS9999031', 'Spring', 2023, 'Quanquan Gu'),
(11481, 'CS9999032', 'Spring', 2023, 'Yuan Tian'),
(11482, 'CS9999033', 'Spring', 2023, 'Farzad Hassanzadeh'),
(11483, 'CS9999034', 'Spring', 2023, 'Anil Vullikanti'),
(11484, 'CS9999035', 'Spring', 2023, 'Madhav Marathe'),
(11485, 'CS9999036', 'Spring', 2023, 'Yonghwi Kwon'),
(11486, 'CS9999037', 'Spring', 2023, 'Aidong Zhang'),
(11487, 'CS9999038', 'Spring', 2023, 'David Wu'),
(11488, 'CS9999039', 'Spring', 2023, 'Matthew Dwyer'),
(11489, 'CS9999040', 'Spring', 2023, 'Sebastian Elbaum'),
(11490, 'CS9999041', 'Spring', 2023, 'Ashish Venkat'),
(11491, 'CS9999042', 'Spring', 2023, 'Jundong Li'),
(11492, 'CS9999043', 'Spring', 2023, 'Yangfeng Ji'),
(11493, 'CS9999044', 'Spring', 2023, 'Haifeng Xu'),
(11494, 'CS9999045', 'Spring', 2023, 'Xiaozhu Lin'),
(11495, 'CS9999046', 'Spring', 2023, 'Seongkook Heo'),
(11496, 'CS9999047', 'Spring', 2023, 'Yixin Sun')
;

INSERT INTO classCode (classID, classCode) SELECT classID, classCode FROM class;
INSERT INTO classSemester (classID, semester)
SELECT classID, semester
FROM class;

INSERT INTO classYear (classID, year)
SELECT classID, year
FROM class;

-- sample data for `comments`
INSERT INTO `comments` (`studentID`, `date_posted`, `content`) VALUES
('hmt7qvt', NOW(), 'I really loved this class!'),
('smw6ure', NOW(), "This class was ok."),
('seh6fy', NOW(), "Love this class!"),
('hmt7qvt', NOW(), 'this class and prof were the best!'),
('smw6ure', NOW(), "meh."),
('hmt7qvt', NOW(), 'I did not like this class'),
('smw6ure', NOW(), "This class was ok."),
('hmt7qvt', NOW(), 'I really loved this class!!!'),
('smw6ure', NOW(), "This class was ok."),
('hmt7qvt', NOW(), 'I really loved this class!')
;
-- sample data for `likes`
INSERT INTO `likes` (`studentID`, `classID`) VALUES
('hmt7qvt', 2032),
('smq6ure', 2032),
('seh6fy', 11028),
('hmt7qvt', 2033),
('smq6ure', 2034),
('seh6fy', 11027),
('hmt7qvt', 2038),
('smq6ure', 2036),
('seh6fy', 11030),
('hmt7qvt', 2039)

;
-- sample data for `login`
INSERT INTO `login` (`username`, `userPassword`, `studentID`) VALUES
('hmt', 'password1', 'hmt7qvt'),
('smw', 'password2', 'smw6ure'),
('seh', 'password3', 'seh6fy'),
('new', 'password4', 'ab1cd'),
('new1', 'password5', 'ef2gh'),
('new2', 'password6', 'ij3kl'),
('new3', 'password7', 'mbn4op'),
('new4', 'password8', 'qr5st'),
('new5', 'password9', 'uv6wx'),
('new6', 'password10', 'yz7ab')
;
-- sample data for `rankAbout`
INSERT INTO `rankAbout` (`rankID`, `classID`) VALUES
(1, 2032),
(2, 2032),
(3, 11028),
(4, 2033),
(5, 2034),
(6, 11027),
(7, 2038),
(8, 2036),
(9, 11030),
(10, 2039)
;
-- sample data for `student`
INSERT INTO `student` (`studentID`, `firstName`, `lastName`, `year`) VALUES
('hmt7qvt', 'Hannah', 'Tuma', 4),
('smw6ure', 'Sarah', 'Wimbish', 3),
('seh6fy', 'Skylar', 'Haskiell', 3),
('ab1cd', 'Abby', 'Tuma', 4),
('ef2gh', 'Eric', 'Wimbish', 3),
('ij3kl', 'Izzy', 'Haskiell', 3),
('mbn4op', 'Molly', 'Tuma', 4),
('rq5st', 'Riley', 'Wimbish', 3),
('uv6wx', 'Uma', 'Haskiell', 3),
('yz7ab', 'Yara', 'Tuma', 4)
;

INSERT INTO ranks (rankID, studentID) VALUES 
(1, 'hmt7qvt'), 
(2, 'smw6ure'), 
(3, 'seh6fy'),
(4, 'ab1cd'),
(5, 'ef2gh'),
(6, 'ij3kl'),
(7, 'mbn4op'),
(8, 'rq5st'),
(9, 'uv6wx'),
(10, 'yz7ab')
;

INSERT INTO rating (rankID, hours_assignment_per_week, overall_rating, hours_studying_per_week, num_assignments) VALUES 
(1, 10, 8, 20, 5), 
(2, 5, 7, 15, 3), 
(3, 15, 9, 30, 6),
(4, 10, 9, 25, 6),
(5, 15, 8, 20, 5),
(6, 8, 7, 20, 4),
(7, 12, 9, 15, 4),
(8, 8, 10, 20, 6),
(9, 15, 8, 25, 3),
(10, 12, 8, 32, 6)

;

INSERT INTO studentComment (commentID, studentID) VALUES 
(1, 'hmt7qvt'), 
(2, 'smw6ure'), 
(3, 'seh6fy'),
(4, 'ab1cd'),
(5, 'ef2gh'),
(6, 'ij3kl'),
(7, 'mbn4op'),
(8, 'rq5st'),
(9, 'uv6wx'),
(10, 'yz7ab')
;